"Fichier";"Ligne";"Texte";"Anglais"
"html/interface.html";"3";"🗺 Relation Map";""
"html/interface.html";"3";"Relation Map  (infobulle)";""
"html/interface.html";"4";"🌲 PBS";""
"html/interface.html";"5";"📊 Table View";""
"html/interface.html";"5";"Table View  (infobulle)";""
"html/interface.html";"6";"🔷 Capella Data";""
"html/interface.html";"6";"Capella Data  (infobulle)";""
"html/interface.html";"10";"🌳 Arborescence";"🌳 Tree"
"html/interface.html";"11";"▦ Cartes";"▦ Cards"
"html/interface.html";"12";"📋 Tableau";"📋 Table"
"html/interface.html";"13";"🔗 Liens";"🔗 Links"
"html/interface.html";"14";"⚡ Chaînes";"⚡ Chains"
"html/interface.html";"15";"🔌 Physical Link";""
"html/interface.html";"16";"🔀 Component Exchange";""
"html/interface.html";"17";"🧩 Ports";""
"html/interface.html";"17";"Traçabilité Function Port ↔ Component Port ↔ Physical Port  (infobulle)";"Traceability Function Port ↔ Component Port ↔ Physical Port"
"html/interface.html";"18";"🔬 Analyses";"🔬 Analyses"
"html/interface.html";"18";"Traçabilité inter-couches, capacités & missions, modes & états, comparaison de versions  (infobulle)";"Cross-layer traceability, capabilities & missions, modes & states, version comparison"
"html/interface.html";"19";"📐 Tableau de bord";""
"html/interface.html";"19";"Tableaux de bord personnalisés : indicateurs, graphiques, tableaux  (infobulle)";""
"html/interface.html";"20";"📖 Index des types";"📖 Type index"
"html/interface.html";"24";"↺ Reset";""
"html/interface.html";"26";"🔷 CAPELLA";""
"html/interface.html";"26";"Charger un fichier Capella  (infobulle)";"Load a Capella file"
"html/interface.html";"27";"💾 Page HTML";"💾 HTML page"
"html/interface.html";"27";"Sauvegarder la page actuelle (avec le fichier Capella déjà chargé) en HTML autonome  (infobulle)";"Save the current page (with the loaded Capella file) as standalone HTML"
"html/interface.html";"30";"✏ Éditer ▾";"✏ Edit ▾"
"html/interface.html";"30";"Éditer / Sauver / Charger  (infobulle)";"Edit / Save / Load"
"html/interface.html";"34";"✏ Éditeur de modèle";"✏ Model editor"
"html/interface.html";"35";"💾 Sauvegarder";"💾 Save"
"html/interface.html";"36";"📂 Charger un fichier";"📂 Load a file"
"html/interface.html";"41";"🖼 Export ▾";""
"html/interface.html";"41";"Exporter image  (infobulle)";"Export image"
"html/interface.html";"45";"🖼 PNG";""
"html/interface.html";"46";"📷 JPEG";""
"html/interface.html";"47";"📐 SVG";""
"html/interface.html";"52";"Thème :";"Theme:"
"html/interface.html";"53";"Changer le thème  (infobulle)";"Change theme"
"html/interface.html";"54";"🌙 Sombre";"🌙 Dark"
"html/interface.html";"55";"☀️ Clair";"☀️ Light"
"html/interface.html";"56";"🌊 Marine";"🌊 Navy"
"html/interface.html";"57";"🌿 Nature";"🌿 Nature"
"html/interface.html";"58";"🗂 Office 2007";""
"html/interface.html";"59";"⚡ Contraste";"⚡ Contrast"
"html/interface.html";"62";"? Aide";"? Help"
"html/interface.html";"62";"Aide  (infobulle)";"Help"
"html/interface.html";"66";"Zoom avant (Ctrl++)  (infobulle)";"Zoom in (Ctrl++)"
"html/interface.html";"67";"Zoom arrière (Ctrl+-)  (infobulle)";"Zoom out (Ctrl+-)"
"html/interface.html";"68";"⊡ Fit";""
"html/interface.html";"68";"Ajuster (Ctrl+W)  (infobulle)";"Fit (Ctrl+W)"
"html/interface.html";"70";"↓ Ouvrir tout";"↓ Expand all"
"html/interface.html";"71";"↑ Fermer tout";"↑ Collapse all"
"html/interface.html";"73";"# Nums";""
"html/interface.html";"74";"◉ Légende";"◉ Legend"
"html/interface.html";"75";"⌁ Relations";""
"html/interface.html";"76";"✂ Noms";"✂ Names"
"html/interface.html";"76";"Couper les noms longs  (infobulle)";"Truncate long names"
"html/interface.html";"77";"⊙ Unique";"⊙ Single"
"html/interface.html";"78";"⬡ Compact";""
"html/interface.html";"85";"❓ Aide";"❓ Help"
"html/interface.html";"85";"Aide et présentation des fonctionnalités  (infobulle)";"Help and feature overview"
"html/interface.html";"86";"Cliquer pour parcourir, ou glisser-déposer un fichier .capella  (infobulle)";"Click to browse, or drag and drop a .capella file"
"html/interface.html";"88";"Ouvrir un modèle Capella";"Open a Capella model"
"html/interface.html";"89";"Glissez-déposez votre fichier";"Drag and drop your"
"html/interface.html";"89";"ou recherchez-le dans l'explorateur de fichiers.";"or browse for it in the file explorer."
"html/interface.html";"90";"📂 Parcourir…";"📂 Browse…"
"html/interface.html";"92";"Formats acceptés : .capella · .melodymodeller · .xml — le fichier est lu localement, rien n'est envoyé.";"Accepted formats: .capella · .melodymodeller · .xml — the file is read locally, nothing is sent."
"html/interface.html";"93";"📖 Que peut-on analyser ? Découvrir les fonctionnalités";"📖 What can be analysed? Discover the features"
"html/interface.html";"101";"Panneau";"Panel"
"html/interface.html";"102";"Réduire le panneau  (infobulle)";"Collapse the panel"
"html/interface.html";"105";"Arborescence";"Tree"
"html/interface.html";"107";"Tout développer  (infobulle)";"Expand all"
"html/interface.html";"109";"Tout réduire  (infobulle)";"Collapse all"
"html/interface.html";"115";"✕ vider";"✕ clear"
"html/interface.html";"115";"Vider la sélection  (infobulle)";"Clear the selection"
"html/interface.html";"118";"🔍 Filtrer l'arborescence…  (infobulle)";"🔍 Filter the tree…"
"html/interface.html";"129";"Profondeur";"Depth"
"html/interface.html";"135";"Disposition";"Layout"
"html/interface.html";"140";"◉ Rad";""
"html/interface.html";"141";"⚡ Zig";""
"html/interface.html";"141";"Zigzag 7:3 — séquence en grille  (infobulle)";"Zigzag 7:3 — grid sequence"
"html/interface.html";"146";"Contexte";"Context"
"html/interface.html";"152";"✚ Créer un nouvel élément";"✚ Create a new element"
"html/interface.html";"156";"Critères de relation";"Relation criteria"
"html/interface.html";"158";"Tout sélectionner  (infobulle)";"Select all"
"html/interface.html";"160";"Tout désélectionner  (infobulle)";"Deselect all"
"html/interface.html";"167";"🔷 Type d'élément";"🔷 Element type"
"html/interface.html";"169";"Réinitialiser (tout décocher)  (infobulle)";"Reset (uncheck all)"
"html/interface.html";"170";"↺ Défaut";"↺ Default"
"html/interface.html";"176";"Types d'éléments";"Element types"
"html/interface.html";"178";"Tout sélectionner  (infobulle)";"Select all"
"html/interface.html";"180";"Tout désélectionner  (infobulle)";"Deselect all"
"html/interface.html";"187";"Portée (Paquetages)";"Scope (Packages)"
"html/interface.html";"191";"Propriétés";"Properties"
"html/interface.html";"197";"Ouvrir le panneau  (infobulle)";"Open the panel"
"html/interface.html";"212";"✨ Colonne personnalisée — Metachain Navigation";"✨ Custom column — Metachain Navigation"
"html/interface.html";"216";"Metaclass";""
"html/interface.html";"217";"Property";""
"html/interface.html";"218";"Name";""
"html/interface.html";"223";"Metaclass or Stereotype";""
"html/interface.html";"224";"Property";""
"html/interface.html";"228";"+ Insert (nouvelle étape)";"+ Insert (new step)"
"html/interface.html";"230";"Nom de la colonne";"Column name"
"html/interface.html";"231";"ex: Functions of Component  (infobulle)";"e.g. Functions of Component"
"html/interface.html";"232";"Créer la colonne";"Create the column"
"html/interface.html";"245";"Légende";"Legend"
"html/interface.html";"249";"Prêt";"Ready"
"html/interface.html";"256";"✏ Modifier l'élément";"✏ Edit the element"
"html/interface.html";"257";"→ Créer une relation vers…";"→ Create a relation to…"
"html/interface.html";"258";"✦ Créer un élément enfant";"✦ Create a child element"
"html/interface.html";"260";"⊙ Définir comme contexte";"⊙ Set as context"
"html/interface.html";"261";"↓ Développer";"↓ Expand"
"html/interface.html";"262";"↑ Réduire";"↑ Collapse"
"html/interface.html";"264";"👁 Masquer l'élément";"👁 Hide the element"
"html/interface.html";"272";"Annuler";"Cancel"
"html/interface.html";"273";"Sauvegarder";"Save"
"html/interface.html";"281";"✏ Éditeur de modèle";"✏ Model editor"
"html/interface.html";"285";"Éléments (";"Elements ("
"html/interface.html";"286";"Relations (";"Relations ("
"html/interface.html";"287";"Paquetages (";"Packages ("
"html/interface.html";"288";"Chaînes (";"Chains ("
"html/interface.html";"297";"Exporter";"Export"
"html/interface.html";"298";"Résolution :";"Resolution:"
"html/interface.html";"300";"1× Normal";"1× Normal"
"html/interface.html";"302";"3× Ultra";"3× Ultra"
"html/interface.html";"303";"4× Max";"4× Max"
"html/interface.html";"307";"Annuler";"Cancel"
"html/interface.html";"308";"Exporter";"Export"
"html/interface.html";"323";"Types d'éléments";"Element types"
"html/interface.html";"324";"Filtrer les types…  (infobulle)";"Filter types…"
"html/interface.html";"329";"Tout cocher";"Check all"
"html/interface.html";"331";"Aucun";"None"
"html/interface.html";"333";"Défaut";"Default"
"html/interface.html";"342";"Glisser pour redimensionner  (infobulle)";"Drag to resize"
"html/interface.html";"353";"Rechercher…  (infobulle)";"Search…"
"html/interface.html";"357";"Tous";"All"
"html/interface.html";"363";"Tranv.";"Shared"
"html/interface.html";"365";"⬇ CSV";""
"html/interface.html";"369";"⊞ Déplier";"⊞ Expand"
"html/interface.html";"370";"⊟ Réduire";"⊟ Collapse"
"html/interface.html";"372";"⬇ JSON";""
"html/interface.html";"388";"← Préc.";"← Prev."
"html/interface.html";"390";"Suiv. →";"Next →"
"html/interface.html";"408";"✨ Colonne personnalisée — Metachain Navigation";"✨ Custom column — Metachain Navigation"
"html/interface.html";"412";"Metaclass";""
"html/interface.html";"413";"Property";""
"html/interface.html";"414";"Name";""
"html/interface.html";"419";"Metaclass or Stereotype";""
"html/interface.html";"420";"Property";""
"html/interface.html";"424";"+ Insert (nouvelle étape)";"+ Insert (new step)"
"html/interface.html";"426";"Nom de la colonne";"Column name"
"html/interface.html";"427";"ex: Functions of Component  (infobulle)";"e.g. Functions of Component"
"html/interface.html";"428";"Créer la colonne";"Create the column"
"html/interface.html";"444";"Aucun élément ne correspond.";"No matching element."
"js/01-donnees-config.js";"9";"[AbstractCapabilityInclude] Inclusion d'une Capability dans une autre (référence via 'included').";"Inclusion of a Capability in another one (reference via 'included')."
"js/01-donnees-config.js";"9";"[AbstractCapabilityRealization] Lien de traçabilité entre une Capability et une Capability/OperationalCapability de la couche supérieure qu'elle réalise.";"Traceability link between a Capability and the upper-layer Capability/OperationalCapability it realizes."
"js/01-donnees-config.js";"9";"[AbstractFunctionAbstractCapabilityInvolvement] Implication d'une Function dans une Capability (référence via 'involved').";"Involvement of a Function in a Capability (reference via 'involved')."
"js/01-donnees-config.js";"9";"[AbstractStateRealization] Lien de traçabilité entre un State/Mode et le State/Mode de la couche supérieure qu'il réalise.";"Traceability link between a State/Mode and the upper-layer State/Mode it realizes."
"js/01-donnees-config.js";"9";"[ActivityAllocation] Allocation d'une OperationalActivity vers un Role qui la réalise. Lié au concept de Role, exclu de l'API Python4Capella.";"Allocation of an OperationalActivity to a Role performing it. Related to the Role concept, excluded from the Python4Capella API."
"js/01-donnees-config.js";"9";"[BooleanPropertyValue] Variante typée booléenne de PropertyValue. CONFIRME la limitation PV-001: le métamodèle technique réel utilise des types distincts par nature de valeur (BooleanPropertyValue, et probablement StringPropertyValue/IntegerPropertyValue/FloatPropertyValue/EnumerationPropertyValue non observés dans les échantillons), alors que Python4Capella les unifie sous un seul type PropertyValue.";"Boolean-typed variant of PropertyValue. CONFIRMS limitation PV-001: the actual technical metamodel uses distinct types per value kind (BooleanPropertyValue, and probably StringPropertyValue/IntegerPropertyValue/FloatPropertyValue/EnumerationPropertyValue not observed in the samples), whereas Python4Capella unifies them under a single PropertyValue type."
"js/01-donnees-config.js";"9";"[Capability] The ability of the system to supply a service contributing to fulfilling one or more Missions. A Capability represents a system usage context. It is characterized by a set of Functional Chains and Scenarios it references.";"(déjà en anglais)"
"js/01-donnees-config.js";"9";"[CapabilityExploitation] Lien entre une Capability et une autre Capability qu'elle exploite (référence via attribut 'capability').";"Link between a Capability and another Capability it exploits (reference via the 'capability' attribute)."
"js/01-donnees-config.js";"9";"[CapabilityInvolvement] Implication d'un Actor/Component dans une Capability qui l'exploite (référence via 'involved').";"Involvement of an Actor/Component in a Capability exploiting it (reference via 'involved')."
"js/01-donnees-config.js";"9";"[CapabilityPkg] A package to contain Capabilities";"(déjà en anglais)"
"js/01-donnees-config.js";"9";"[CapabilityRealization] The implementation of the system Capabilities in Logical Architecture and Physical Architecture";"(déjà en anglais)"
"js/01-donnees-config.js";"9";"[CapabilityRealizationInvolvement] Implication d'un Component dans une CapabilityRealization (qui contribue à réaliser la capability).";"Involvement of a Component in a CapabilityRealization (contributing to realizing the capability)."
"js/01-donnees-config.js";"9";"[CapabilityRealizationPkg] A package to contain CapabilityRealizations";"(déjà en anglais)"
"js/01-donnees-config.js";"9";"[CatalogElement] Élément de catalogue REC/RPL générique (add-on Requirement/RE). Voir REC et RPL dans le document Python4Capella pour la sémantique métier équivalente.";"Generic REC/RPL catalog element (Requirement/RE add-on). See REC and RPL in the Python4Capella document for the equivalent business semantics."
"js/01-donnees-config.js";"9";"[CatalogElementLink] Lien entre un REC (origin) et ses RPL (replicas), exprime la relation de réplication.";"Link between a REC (origin) and its RPLs (replicas), expressing the replication relationship."
"js/01-donnees-config.js";"9";"[CatalogElementPkg] A package to structure the definition of REC / RPL elements";"(déjà en anglais)"
"js/01-donnees-config.js";"9";"[ChangeEvent] An event defined by WHEN something occurs";"(déjà en anglais)"
"js/01-donnees-config.js";"9";"[ChoicePseudoState] Pseudo-état de choix (branchement conditionnel) dans une StateMachine/Region.";"Choice pseudo-state (conditional branch) in a StateMachine/Region."
"js/01-donnees-config.js";"9";"[Collection] Type de données représentant une collection (liste/ensemble) d'éléments d'un type donné. Equivalent Python4Capella: Collection (sous-type de DataType).";"Data type representing a collection (list/set) of elements of a given type. Python4Capella equivalent: Collection (DataType subtype)."
"js/01-donnees-config.js";"9";"[CombinedFragment] The identification of a specific operator (ALT, OPT, LOOP...) in the sequence of a scenario";"(déjà en anglais)"
"js/01-donnees-config.js";"9";"[CommunicationMean] Describes the media between the Operational Entities / Actors to support the Operational Interactions";"(déjà en anglais)"
"js/01-donnees-config.js";"9";"[CompliancyDefinition] The type of compliancy which have to be respected by the RPL regarding its REC definition. Default list of compliancies is:";"(déjà en anglais)"
"js/01-donnees-config.js";"9";"[CompliancyDefinitionPkg] A package to contain CompliancyDefinitions";"(déjà en anglais)"
"js/01-donnees-config.js";"9";"[ComponentExchange] Represent the interactions between Logical / Behavioral Components. Exchanges connects Component Ports.";"(déjà en anglais)"
"js/01-donnees-config.js";"9";"[ComponentExchangeAllocation] Allocation d'un ComponentExchange vers un élément de couche différente.";"Allocation of a ComponentExchange to an element of a different layer."
"js/01-donnees-config.js";"9";"[ComponentExchangeFunctionalExchangeAllocation] A regroupement of FunctionalExchanges for graphical simplification of diagrams";"(déjà en anglais)"
"js/01-donnees-config.js";"9";"[ComponentFunctionalAllocation] A regroupement of FunctionalExchanges for graphical simplification of diagrams";"(déjà en anglais)"
"js/01-donnees-config.js";"9";"[ComponentPort] A port on a BehavioralComponent defining a logical interaction point";"(déjà en anglais)"
"js/01-donnees-config.js";"9";"[ComponentPortAllocation] Allocation d'un ComponentPort vers un élément de couche différente.";"Allocation of a ComponentPort to an element of a different layer."
"js/01-donnees-config.js";"9";"[ComponentRealization] Lien de traçabilité (sourceElement/targetElement) entre un Component et le Component de la couche supérieure qu'il réalise (ex: PhysicalComponent réalise LogicalComponent).";"Traceability link (sourceElement/targetElement) between a Component and the upper-layer Component it realizes (e.g. PhysicalComponent realizes LogicalComponent)."
"js/01-donnees-config.js";"9";"[ConceptPkg] Package contenant les Concepts (Operational Analysis), notion non documentée dans le Python4Capella Simplified Metamodel (absente du document source).";"Package containing Concepts (Operational Analysis), a notion not documented in the Python4Capella Simplified Metamodel (absent from the source document)."
"js/01-donnees-config.js";"9";"[ConfigurationItem] System part to be acquired or produced, in as many copies as the physical architecture requires";"(déjà en anglais)"
"js/01-donnees-config.js";"9";"[ConfigurationItemPkg] A package to contain ConfigurationItems";"(déjà en anglais)"
"js/01-donnees-config.js";"9";"[Constraint] A generic constraint which can be defined on Capella elements";"(déjà en anglais)"
"js/01-donnees-config.js";"9";"[ControlNode] Nœud de contrôle dans une FunctionalChain (AND/OR/ITERATE), pilote le flux de la chaîne. Exclu de l'API Python4Capella (mentionné explicitement comme exclusion dans le Foreword du document Python4Capella).";"Control node in a FunctionalChain (AND/OR/ITERATE), driving the chain flow. Excluded from the Python4Capella API (explicitly listed as an exclusion in the Foreword of the Python4Capella document)."
"js/01-donnees-config.js";"9";"[DeepHistoryPseudoState] Pseudo-état d'historique profond dans une StateMachine/Region.";"Deep history pseudo-state in a StateMachine/Region."
"js/01-donnees-config.js";"9";"[EPBSArchitecture] The element containing all definitions from the End-Product Breakdown Structure.";"(déjà en anglais)"
"js/01-donnees-config.js";"9";"[Entity] Entité au niveau Operational Analysis. Si actor='true', représente un OperationalActor.";"Entity at Operational Analysis level. If actor='true', represents an OperationalActor."
"js/01-donnees-config.js";"9";"[EntityOperationalCapabilityInvolvement] Implication d'une Entity dans une OperationalCapability.";"Involvement of an Entity in an OperationalCapability."
"js/01-donnees-config.js";"9";"[EntityPkg] A package to define Operational entities / actors";"(déjà en anglais)"
"js/01-donnees-config.js";"9";"[EnumerationPropertyLiteral] A value defined in an EnumerationPropertyType";"(déjà en anglais)"
"js/01-donnees-config.js";"9";"[EnumerationPropertyType] The definition of an Enumeration to type a PropertyValue";"(déjà en anglais)"
"js/01-donnees-config.js";"9";"[EventReceiptOperation] Opération de réception d'un événement dans un Scenario.";"Event receipt operation in a Scenario."
"js/01-donnees-config.js";"9";"[EventSentOperation] Opération d'émission d'un événement dans un Scenario (lié à un SequenceMessage).";"Event sending operation in a Scenario (linked to a SequenceMessage)."
"js/01-donnees-config.js";"9";"[ExchangeCategory] A regroupement of FunctionalExchanges for graphical simplification of diagrams";"(déjà en anglais)"
"js/01-donnees-config.js";"9";"[ExchangeItem] Ordered set of references to elements carried together during an interaction or exchange between functions, components and actors. The elements are carried simultaneously, in the same conditions, with the same non-functional properties. The “elements” are called data";"(déjà en anglais)"
"js/01-donnees-config.js";"9";"[ExchangeItemAllocation] The involvement of an ExchangeItem by an Interface.";"(déjà en anglais)"
"js/01-donnees-config.js";"9";"[ExchangeItemElement] A part of the information contained by an ExchangeItem";"(déjà en anglais)"
"js/01-donnees-config.js";"9";"[Execution] Période d'exécution d'une InstanceRole dans un Scenario (barre verticale du diagramme de séquence).";"Execution period of an InstanceRole in a Scenario (vertical bar of the sequence diagram)."
"js/01-donnees-config.js";"9";"[ExecutionEnd] Fragment marquant la fin d'une Execution dans un Scenario.";"Fragment marking the end of an Execution in a Scenario."
"js/01-donnees-config.js";"9";"[ExecutionEvent] Événement déclenchant une Execution dans un Scenario.";"Event triggering an Execution in a Scenario."
"js/01-donnees-config.js";"9";"[FinalState] État final d'une Region/StateMachine.";"Final state of a Region/StateMachine."
"js/01-donnees-config.js";"9";"[FragmentEnd] Extrémité d'un fragment combiné (CombinedFragment) dans un Scenario.";"End of a combined fragment (CombinedFragment) in a Scenario."
"js/01-donnees-config.js";"9";"[FunctionInputPort] An FunctionInputPort defines what a Function is requiring";"(déjà en anglais)"
"js/01-donnees-config.js";"9";"[FunctionOutputPort] A FunctionOutputPort defines what a Function is capable of producing";"(déjà en anglais)"
"js/01-donnees-config.js";"9";"[FunctionRealization] Lien de traçabilité entre une Function et la Function de la couche supérieure qu'elle réalise.";"Traceability link between a Function and the upper-layer Function it realizes."
"js/01-donnees-config.js";"9";"[FunctionalChain] Describe the system behaviour in a particular usage context with references towards Functions and Functional Exchanges";"(déjà en anglais)"
"js/01-donnees-config.js";"9";"[FunctionalChainAbstractCapabilityInvolvement] Implication d'une FunctionalChain dans une Capability.";"Involvement of a FunctionalChain in a Capability."
"js/01-donnees-config.js";"9";"[FunctionalChainInvolvementFunction] Implication d'une Function dans une FunctionalChain (étape de la chaîne). Référence la Function via l'attribut 'involved'.";"Involvement of a Function in a FunctionalChain (chain step). References the Function via the 'involved' attribute."
"js/01-donnees-config.js";"9";"[FunctionalChainInvolvementLink] Implication d'un FunctionalExchange dans une FunctionalChain, avec source/target précisant l'ordre topologique de parcours dans la chaîne.";"Involvement of a FunctionalExchange in a FunctionalChain, with source/target giving the topological traversal order in the chain."
"js/01-donnees-config.js";"9";"[FunctionalChainRealization] Lien de traçabilité entre une FunctionalChain et la FunctionalChain/OperationalProcess de la couche supérieure qu'elle réalise.";"Traceability link between a FunctionalChain and the upper-layer FunctionalChain/OperationalProcess it realizes."
"js/01-donnees-config.js";"9";"[FunctionalChainReference] Référence à une FunctionalChain depuis l'intérieur d'une autre FunctionalChain (chaînes imbriquées).";"Reference to a FunctionalChain from inside another FunctionalChain (nested chains)."
"js/01-donnees-config.js";"9";"[FunctionalExchange] A functional exchange represents a dependency between a source function and a target one. Exchanges connect Function Ports, which specify what a Function is capable of producing or is requiring.";"(déjà en anglais)"
"js/01-donnees-config.js";"9";"[FunctionalExchangeRealization] Lien de traçabilité entre un FunctionalExchange et celui de la couche supérieure qu'il réalise.";"Traceability link between a FunctionalExchange and the upper-layer one it realizes."
"js/01-donnees-config.js";"9";"[Generalization] Lien de généralisation/spécialisation (héritage) entre deux Class (sub/super).";"Generalization/specialization (inheritance) link between two Classes (sub/super)."
"js/01-donnees-config.js";"9";"[GenericTrace] Lien de traçabilité générique entre deux éléments quelconques, sans sémantique de réalisation inter-couches (contrairement à TransfoLink qui sert plutôt aux traces de transformation). Exclu de l'API Python4Capella ('Generic Traces' explicitement listées comme exclusion dans le Foreword).";"Generic traceability link between any two elements, without cross-layer realization semantics (unlike TransfoLink, which is rather used for transformation traces). Excluded from the Python4Capella API ('Generic Traces' explicitly listed as an exclusion in the Foreword)."
"js/01-donnees-config.js";"9";"[InformationRealization] Lien de traçabilité entre une Class/ExchangeItem et celle de la couche supérieure qu'elle réalise.";"Traceability link between a Class/ExchangeItem and the upper-layer one it realizes."
"js/01-donnees-config.js";"9";"[InitialPseudoState] Pseudo-état initial (point d'entrée) d'une Region.";"Initial pseudo-state (entry point) of a Region."
"js/01-donnees-config.js";"9";"[InstanceRole] The involvement of an element (function, system, component or actor) in a scenario";"(déjà en anglais)"
"js/01-donnees-config.js";"9";"[InteractionOperand] Opérande d'un CombinedFragment (ex: branche d'un ALT) dans un Scenario.";"Operand of a CombinedFragment (e.g. branch of an ALT) in a Scenario."
"js/01-donnees-config.js";"9";"[InteractionState] État/activité représenté dans un Scenario, lié à une Function ou un State (relatedAbstractFunction/relatedAbstractState).";"State/activity shown in a Scenario, linked to a Function or a State (relatedAbstractFunction/relatedAbstractState)."
"js/01-donnees-config.js";"9";"[InteractionUse] Référence à un autre Scenario inclus dans le Scenario courant.";"Reference to another Scenario included in the current Scenario."
"js/01-donnees-config.js";"9";"[Interface] The definition of ExchangeItems which can be send / received by a ComponentPort";"(déjà en anglais)"
"js/01-donnees-config.js";"9";"[InterfacePkg] A package to contain Interfaces";"(déjà en anglais)"
"js/01-donnees-config.js";"9";"[KeyValue] Paire clé-valeur utilisée pour des métadonnées/extensions (ex: stockage de paramètres PVMT ou autres add-ons).";"Key-value pair used for metadata/extensions (e.g. storing PVMT parameters or other add-ons)."
"js/01-donnees-config.js";"9";"[LiteralBooleanValue] Valeur littérale booléenne (true/false) utilisée comme literal d'une Enumeration ou valeur par défaut d'une Property.";"Boolean literal value (true/false) used as an Enumeration literal or a Property default value."
"js/01-donnees-config.js";"9";"[LogicalArchitecture] The element containing all definitions from the Logical Architecture.";"(déjà en anglais)"
"js/01-donnees-config.js";"9";"[LogicalArchitectureRealization] Lien de traçabilité entre la PhysicalArchitecture et la LogicalArchitecture qu'elle réalise.";"Traceability link between the PhysicalArchitecture and the LogicalArchitecture it realizes."
"js/01-donnees-config.js";"9";"[LogicalComponent] Logical Components are the artefacts enabling a notional decomposition of the system as a ""white box"", independently from any technological solutions, but dealing with major system decomposition constraints";"(déjà en anglais)"
"js/01-donnees-config.js";"9";"[LogicalComponentPkg] A package to contain the LogicalSystem, LogicalComponents and LogicalActors";"(déjà en anglais)"
"js/01-donnees-config.js";"9";"[LogicalFunction] The definition of a Function in the Logical Architecture";"(déjà en anglais)"
"js/01-donnees-config.js";"9";"[LogicalFunctionPkg] A package to contain LogicalFunctions";"(déjà en anglais)"
"js/01-donnees-config.js";"9";"[MessageEnd] Extrémité (début ou fin) d'un SequenceMessage dans un Scenario.";"End (start or finish) of a SequenceMessage in a Scenario."
"js/01-donnees-config.js";"9";"[Mission] High-level goal to which the System should contribute. To be fulfilled, a Mission should use a number of system Functions regrouped within one or more Capabilities";"(déjà en anglais)"
"js/01-donnees-config.js";"9";"[MissionInvolvement] Implication d'une Capability dans une Mission (référence via 'involved').";"Involvement of a Capability in a Mission (reference via 'involved')."
"js/01-donnees-config.js";"9";"[MissionPkg] A package to contain Missions";"(déjà en anglais)"
"js/01-donnees-config.js";"9";"[Mode] A Mode is a behavior expected from the system, an Actor or a component in chosen conditions";"(déjà en anglais)"
"js/01-donnees-config.js";"9";"[ModelInformation] Métadonnées techniques du modèle (informations de version, d'origine).";"Technical metadata of the model (version and origin information)."
"js/01-donnees-config.js";"9";"[OpaqueExpression] Expression libre (texte) utilisée comme valeur calculée, typiquement pour exprimer une borne min/max non-littérale ou une condition.";"Free (text) expression used as a computed value, typically to express a non-literal min/max bound or a condition."
"js/01-donnees-config.js";"9";"[OperationalActivity] Process step or action/operation/service performed by an Operational entity / actor and likely to influence the system definition or usage. Implementing operational activities generally produces elements of interactions expected by other activities";"(déjà en anglais)"
"js/01-donnees-config.js";"9";"[OperationalActivityPkg] A package to contain OperationalActivity";"(déjà en anglais)"
"js/01-donnees-config.js";"9";"[OperationalAnalysis] The element containing all definitions from the Operational Analysis.";"(déjà en anglais)"
"js/01-donnees-config.js";"9";"[OperationalAnalysisRealization] Lien de traçabilité entre la SystemAnalysis et l'OperationalAnalysis qu'elle réalise.";"Traceability link between the SystemAnalysis and the OperationalAnalysis it realizes."
"js/01-donnees-config.js";"9";"[OperationalCapability] An operational capability is an ability, expected of one or more operational entities / actors. An operational capability is characterized by a set of operational processes and scenarios";"(déjà en anglais)"
"js/01-donnees-config.js";"9";"[OperationalCapabilityPkg] A package to contain OperationalCapabilities";"(déjà en anglais)"
"js/01-donnees-config.js";"9";"[OperationalProcess] An operational process is used to describe a particular context for performing operational activities to contribute to one or more operational capabilities";"(déjà en anglais)"
"js/01-donnees-config.js";"9";"[Part] Instance/rôle d'un composant (Component) dans le contexte de son composant parent. Référence la définition réelle via l'attribut abstractType='#<id>'. C'est le mécanisme central de containment hiérarchique visible dans le Project Explorer Capella (voir section instantiation_pattern).";"Instance/role of a Component in the context of its parent component. References the actual definition via the abstractType='#<id>' attribute. This is the central hierarchical containment mechanism visible in the Capella Project Explorer (see instantiation_pattern section)."
"js/01-donnees-config.js";"9";"[PartDeploymentLink] Lien de déploiement: un Part (deployedElement) est déployé sur un autre Part (location). Utilisé pour le déploiement logiciel/matériel en Physical Architecture.";"Deployment link: a Part (deployedElement) is deployed on another Part (location). Used for software/hardware deployment in Physical Architecture."
"js/01-donnees-config.js";"9";"[PhysicalArchitecture] The element containing all definitions from the Physical Architecture.";"(déjà en anglais)"
"js/01-donnees-config.js";"9";"[PhysicalArchitectureRealization] Lien de traçabilité entre l'EPBSArchitecture et la PhysicalArchitecture qu'elle réalise.";"Traceability link between the EPBSArchitecture and the PhysicalArchitecture it realizes."
"js/01-donnees-config.js";"9";"[PhysicalArtifactRealization] Lien de traçabilité entre un ConfigurationItem (EPBS) et le PhysicalComponent (PA) qu'il réalise.";"Traceability link between a ConfigurationItem (EPBS) and the PhysicalComponent (PA) it realizes."
"js/01-donnees-config.js";"9";"[PhysicalComponent] A generic Physical Component which can be either a BehaviorPC or a NodePC";"(déjà en anglais)"
"js/01-donnees-config.js";"9";"[PhysicalComponentPkg] A package to contain the PhysicalSystem, PhysicalComponents and PhysicalActors";"(déjà en anglais)"
"js/01-donnees-config.js";"9";"[PhysicalFunction] The definition of a Function in the Physical Architecture";"(déjà en anglais)"
"js/01-donnees-config.js";"9";"[PhysicalFunctionPkg] A package to contain PhysicalFunctions";"(déjà en anglais)"
"js/01-donnees-config.js";"9";"[PhysicalLink] Means of communication, transport or routing between two Node components, used as a support for behavioral exchanges";"(déjà en anglais)"
"js/01-donnees-config.js";"9";"[PhysicalPath] Set of Physical Links defining a continuous path likely to route one or more behavioral exchanges";"(déjà en anglais)"
"js/01-donnees-config.js";"9";"[PhysicalPathInvolvement] Implication d'un PhysicalLink dans un PhysicalPath, avec chaînage via nextInvolvements pour exprimer l'ordre topologique du chemin physique.";"Involvement of a PhysicalLink in a PhysicalPath, chained through nextInvolvements to express the topological order of the physical path."
"js/01-donnees-config.js";"9";"[PhysicalPort] A port on a Node component defining a physical interaction point";"(déjà en anglais)"
"js/01-donnees-config.js";"9";"[PortAllocation] The definition of ExchangeItems which can be send / received by a ComponentPort";"(déjà en anglais)"
"js/01-donnees-config.js";"9";"[PortRealization] Lien de traçabilité entre un port (Function/Component) et celui de la couche supérieure qu'il réalise.";"Traceability link between a port (Function/Component) and the upper-layer one it realizes."
"js/01-donnees-config.js";"9";"[PropertyValueGroup] Regroupement de plusieurs PropertyValue sous un même groupe nommé (ex: regroupement par thème/add-on). Documenté dans le Word doc sous PropertyValueGroup.";"Grouping of several PropertyValues under the same named group (e.g. grouping by theme/add-on). Documented in the Word doc under PropertyValueGroup."
"js/01-donnees-config.js";"9";"[PropertyValuePkg] Package conteneur de PropertyValue/PropertyValueGroup/EnumerationPropertyType, rattaché à un PropertyValuePkgContainer (ex: SystemEngineering, ou tout CapellaElement supportant les extensions).";"Container package for PropertyValue/PropertyValueGroup/EnumerationPropertyType, attached to a PropertyValuePkgContainer (e.g. SystemEngineering, or any CapellaElement supporting extensions)."
"js/01-donnees-config.js";"9";"[RecCatalog] The root package which contains the REC / RPL definitions";"(déjà en anglais)"
"js/01-donnees-config.js";"9";"[Region] A region is an orthogonal part of either a composite state or a state machine.";"(déjà en anglais)"
"js/01-donnees-config.js";"9";"[Role] Rôle opérationnel (ex: 'Common Role: Non functional constraints engineering'), assignable à des Entity/OperationalActivity. Exclu de l'API Python4Capella ('Roles in the Operational Analysis' explicitement listé comme exclusion dans le Foreword).";"Operational role (e.g. 'Common Role: Non functional constraints engineering'), assignable to Entity/OperationalActivity. Excluded from the Python4Capella API ('Roles in the Operational Analysis' explicitly listed as an exclusion in the Foreword)."
"js/01-donnees-config.js";"9";"[RoleAllocation] Allocation d'un Role vers l'Entity qui l'assume (sourceElement=Entity probable, targetElement=Role). Exclu de l'API Python4Capella.";"Allocation of a Role to the Entity assuming it (probably sourceElement=Entity, targetElement=Role). Excluded from the Python4Capella API."
"js/01-donnees-config.js";"9";"[RolePkg] Package contenant les Roles de l'Operational Analysis. Exclu de l'API Python4Capella (mentionné explicitement: 'Roles in the Operational Analysis' sont exclus).";"Package containing the Roles of the Operational Analysis. Excluded from the Python4Capella API (explicitly mentioned: 'Roles in the Operational Analysis' are excluded)."
"js/01-donnees-config.js";"9";"[Scenario] A scenario of use of the system defined by a specific sequence";"(déjà en anglais)"
"js/01-donnees-config.js";"9";"[ScenarioRealization] Lien de traçabilité entre un Scenario et celui de la couche supérieure qu'il réalise.";"Traceability link between a Scenario and the upper-layer one it realizes."
"js/01-donnees-config.js";"9";"[SequenceLink] Lien conditionnel entre deux ControlNodes dans une FunctionalChain. Exclu de l'API Python4Capella.";"Conditional link between two ControlNodes in a FunctionalChain. Excluded from the Python4Capella API."
"js/01-donnees-config.js";"9";"[SequenceMessage] An exchange between InstanceRole performed in the frame of a scenario";"(déjà en anglais)"
"js/01-donnees-config.js";"9";"[State] A State is a context undergone by the system, an actor or a component in specific circumstances (for example imposed by the environment)";"(déjà en anglais)"
"js/01-donnees-config.js";"9";"[StateFragment] The call of a function or mode / state by an InstanceRole in the context of a scenario";"(déjà en anglais)"
"js/01-donnees-config.js";"9";"[StateMachine] State Machine is a way to define some of the expected behavior of the System, a Component or an external Actor";"(déjà en anglais)"
"js/01-donnees-config.js";"9";"[StateTransition] A possible transition between 2 modes or 2 states";"(déjà en anglais)"
"js/01-donnees-config.js";"9";"[StateTransitionRealization] Lien de traçabilité entre une StateTransition et celle de la couche supérieure qu'elle réalise.";"Traceability link between a StateTransition and the upper-layer one it realizes."
"js/01-donnees-config.js";"9";"[SystemAnalysis] The element containing all definitions from the System Analysis.";"(déjà en anglais)"
"js/01-donnees-config.js";"9";"[SystemAnalysisRealization] Lien de traçabilité entre la LogicalArchitecture et la SystemAnalysis qu'elle réalise.";"Traceability link between the LogicalArchitecture and the SystemAnalysis it realizes."
"js/01-donnees-config.js";"9";"[SystemComponent] Composant au niveau System Analysis. Si l'attribut actor='true', représente un Actor du système (équivalent Python4Capella: SystemActor). Sans cet attribut sur l'élément racine du package, représente le System lui-même (équivalent Python4Capella: System).";"Component at System Analysis level. If the actor='true' attribute is set, represents a system Actor (Python4Capella equivalent: SystemActor). Without this attribute on the package root element, represents the System itself (Python4Capella equivalent: System)."
"js/01-donnees-config.js";"9";"[SystemComponentPkg] A package to contain the System and the Actors";"(déjà en anglais)"
"js/01-donnees-config.js";"9";"[SystemEngineering] The main element in the definition of a Capella model. Contains the perspectives of the Arcadia methodology";"(déjà en anglais)"
"js/01-donnees-config.js";"9";"[SystemFunction] The definition of a Function in the System Analysis";"(déjà en anglais)"
"js/01-donnees-config.js";"9";"[SystemFunctionPkg] A package to contain SystemFunctions";"(déjà en anglais)"
"js/01-donnees-config.js";"39";"Composition";""
"js/01-donnees-config.js";"39";"Block";""
"js/04-rm-arbre-rendu.js";"68";"px -apple-system,BlinkMacSystemFont,""Segoe UI"",sans-serif";""
"js/04-rm-arbre-rendu.js";"238";"translate(";""
"js/04-rm-arbre-rendu.js";"325";"translate(";""
"js/05-rm-vue-chaine.js";"15";"échanges ·";"exchanges ·"
"js/05-rm-vue-chaine.js";"15";"entrée(s) ·";"input(s) ·"
"js/05-rm-vue-chaine.js";"15";"sortie(s) acteur système non alloué ✕ Quitter la chaîne";"output(s) actor system unallocated ✕ Leave chain"
"js/05-rm-vue-chaine.js";"55";"lkg cv-e";""
"js/05-rm-vue-chaine.js";"83";"alloué à";"allocated to"
"js/05-rm-vue-chaine.js";"84";"(BEHAVIOR)";""
"js/05-rm-vue-chaine.js";"84";"(NODE)";""
"js/05-rm-vue-chaine.js";"85";"translate(";""
"js/05-rm-vue-chaine.js";"101";"ENTRÉE";"INPUT"
"js/05-rm-vue-chaine.js";"118";"Chaîne :";"Chain: "
"js/05-rm-vue-chaine.js";"118";"nœuds |";"nodes |"
"js/05-rm-vue-chaine.js";"118";"échanges |";"exchanges |"
"js/05-rm-vue-chaine.js";"118";"entrée(s) ·";"input(s) ·"
"js/05-rm-vue-chaine.js";"118";"sortie(s)";"output(s)"
"js/06-rm-interactions-export.js";"163";"Modifier l'élément";"Edit element"
"js/06-rm-interactions-export.js";"167";"Nom";"Name"
"js/06-rm-interactions-export.js";"169";"Type";""
"js/06-rm-interactions-export.js";"171";"Paquetage";"Package"
"js/06-rm-interactions-export.js";"178";"Le nom ne peut pas être vide.";"The name cannot be empty."
"js/06-rm-interactions-export.js";"189";"Créer une relation";"Create a relation"
"js/06-rm-interactions-export.js";"195";"Source";""
"js/06-rm-interactions-export.js";"197";"Type";""
"js/06-rm-interactions-export.js";"199";"Cible";"Target"
"js/06-rm-interactions-export.js";"201";"Nom (opt.)";"Name (opt.)"
"js/06-rm-interactions-export.js";"208";"Veuillez sélectionner une cible.";"Please select a target."
"js/06-rm-interactions-export.js";"220";"Créer un élément enfant";"Create a child element"
"js/06-rm-interactions-export.js";"226";"Parent";""
"js/06-rm-interactions-export.js";"228";"Nom enfant Type";"Child name Type"
"js/06-rm-interactions-export.js";"232";"Paquetage";"Package"
"js/06-rm-interactions-export.js";"234";"Relation";""
"js/06-rm-interactions-export.js";"242";"Le nom ne peut pas être vide.";"The name cannot be empty."
"js/06-rm-interactions-export.js";"259";"Créer un nouvel élément";"Create a new element"
"js/06-rm-interactions-export.js";"263";"Nom Type";"Name Type"
"js/06-rm-interactions-export.js";"267";"Paquetage";"Package"
"js/06-rm-interactions-export.js";"269";"L'élément créé deviendra automatiquement le contexte de la carte.";"The new element automatically becomes the context of the map."
"js/06-rm-interactions-export.js";"276";"Le nom ne peut pas être vide.";"The name cannot be empty."
"js/06-rm-interactions-export.js";"323";"🖼 Exporter en PNG";"🖼 Export as PNG"
"js/06-rm-interactions-export.js";"323";"📷 Exporter en JPEG";"📷 Export as JPEG"
"js/06-rm-interactions-export.js";"323";"📐 Exporter en SVG";"📐 Export as SVG"
"js/06-rm-interactions-export.js";"331";"Aucun contenu";"No content"
"js/06-rm-interactions-export.js";"334";"Dimensions :";"Dimensions: "
"js/06-rm-interactions-export.js";"362";"Rien à exporter.";"Nothing to export."
"js/06-rm-interactions-export.js";"374";"translate(";""
"js/06-rm-interactions-export.js";"414";"relation-map.jpg";""
"js/06-rm-interactions-export.js";"422";"Erreur lors de l'export.";"Error during export."
"js/06-rm-interactions-export.js";"456";"Contexte :";"Context: "
"js/06-rm-interactions-export.js";"456";"| Nœuds :";"| Nodes:"
"js/06-rm-interactions-export.js";"456";"| Éléments uniques :";"| Unique elements:"
"js/06-rm-interactions-export.js";"456";"| Profondeur :";"| Depth:"
"js/07-rm-panneau-criteres.js";"30";"Changer la couleur";"Change colour"
"js/07-rm-panneau-criteres.js";"36";"relation(s) de ce type";"relation(s) of this type"
"js/07-rm-panneau-criteres.js";"39";"Modifier ce critère";"Edit this criterion"
"js/07-rm-panneau-criteres.js";"41";"Supprimer ce critère";"Delete this criterion"
"js/07-rm-panneau-criteres.js";"42";"Supprimer le critère";"Delete criterion"
"js/07-rm-panneau-criteres.js";"49";"Composition";""
"js/07-rm-panneau-criteres.js";"49";"Aggregation";""
"js/07-rm-panneau-criteres.js";"49";"Association";""
"js/07-rm-panneau-criteres.js";"49";"Containment";""
"js/07-rm-panneau-criteres.js";"49";"Generalization";""
"js/07-rm-panneau-criteres.js";"49";"Realization";""
"js/07-rm-panneau-criteres.js";"49";"Dependency";""
"js/07-rm-panneau-criteres.js";"49";"Usage";""
"js/07-rm-panneau-criteres.js";"49";"Abstraction";""
"js/07-rm-panneau-criteres.js";"49";"Refine";""
"js/07-rm-panneau-criteres.js";"49";"Trace";""
"js/07-rm-panneau-criteres.js";"49";"Satisfy";""
"js/07-rm-panneau-criteres.js";"49";"Verify";""
"js/07-rm-panneau-criteres.js";"49";"Copy";""
"js/07-rm-panneau-criteres.js";"49";"Allocation";""
"js/07-rm-panneau-criteres.js";"54";"rotate(-90deg)";""
"js/07-rm-panneau-criteres.js";"66";"rotate(-90deg)";""
"js/07-rm-panneau-criteres.js";"80";"+ Nouveau critère de relation";"+ New relation criterion"
"js/07-rm-panneau-criteres.js";"93";"Block";""
"js/07-rm-panneau-criteres.js";"93";"Component";""
"js/07-rm-panneau-criteres.js";"93";"Class";""
"js/07-rm-panneau-criteres.js";"93";"Interface";""
"js/07-rm-panneau-criteres.js";"93";"Requirement";""
"js/07-rm-panneau-criteres.js";"93";"Package";""
"js/07-rm-panneau-criteres.js";"112";"🔍 Filtrer les types…";"🔍 Filter types…"
"js/07-rm-panneau-criteres.js";"140";"Changer la couleur";"Change colour"
"js/07-rm-panneau-criteres.js";"147";"Physical Component";""
"js/07-rm-panneau-criteres.js";"151";"élément(s) de ce type dans l'arborescence";"element(s) of this type in the tree"
"js/07-rm-panneau-criteres.js";"162";"Modifier ce type";"Edit this type"
"js/07-rm-panneau-criteres.js";"163";"Supprimer ce type";"Delete this type"
"js/07-rm-panneau-criteres.js";"163";"Ce type est utilisé par";"This type is used by"
"js/07-rm-panneau-criteres.js";"163";"élément(s).";"element(s)."
"js/07-rm-panneau-criteres.js";"163";"Supprimer le type";"Delete type"
"js/07-rm-panneau-criteres.js";"191";"rotate(-90deg)";""
"js/07-rm-panneau-criteres.js";"201";"var(--c-dim)";""
"js/07-rm-panneau-criteres.js";"208";"🔷 Capella";""
"js/07-rm-panneau-criteres.js";"218";"+ Nouveau type d'élément";"+ New element type"
"js/07-rm-panneau-criteres.js";"253";"Cette chaîne ne contient aucune étape à visualiser.";"This chain has no step to display."
"js/08-editeur-modele.js";"41";"Aucune chaîne — chargez un fichier .capella";"No chain — load a .capella file"
"js/08-editeur-modele.js";"43";"Chaîne fonctionnelle";"Functional chain"
"js/08-editeur-modele.js";"43";"Processus opérationnel";"Operational process"
"js/08-editeur-modele.js";"43";"Chemin physique";"Physical path"
"js/08-editeur-modele.js";"50";"étapes ▶";"steps ▶"
"js/08-editeur-modele.js";"62";"rotate(90deg)";""
"js/08-editeur-modele.js";"78";"Nom";"Name"
"js/08-editeur-modele.js";"78";"Type";""
"js/08-editeur-modele.js";"78";"Paquetage";"Package"
"js/08-editeur-modele.js";"78";"Actions";""
"js/08-editeur-modele.js";"90";"Filtrer…";"Filter…"
"js/08-editeur-modele.js";"143";"+ Ajouter un élément";"+ Add an element"
"js/08-editeur-modele.js";"158";"Nom";"Name"
"js/08-editeur-modele.js";"158";"Nouvel élément";"New element"
"js/08-editeur-modele.js";"158";"Modifier";"Edit"
"js/08-editeur-modele.js";"159";"Type";""
"js/08-editeur-modele.js";"161";"+ Nouveau type… Nouveau type Paquetage";"+ New type… New type Package"
"js/08-editeur-modele.js";"163";"Annuler";"Cancel"
"js/08-editeur-modele.js";"165";"Créer";"Create"
"js/08-editeur-modele.js";"165";"Sauvegarder";"Save"
"js/08-editeur-modele.js";"172";"Saisir un type.";"Enter a type."
"js/08-editeur-modele.js";"173";"hsl(";""
"js/08-editeur-modele.js";"177";"Nom vide.";"Empty name."
"js/08-editeur-modele.js";"188";"Supprimer";"Delete"
"js/08-editeur-modele.js";"188";"relation(s) liée(s))";"linked relation(s))"
"js/08-editeur-modele.js";"207";"Source";""
"js/08-editeur-modele.js";"207";"Type";""
"js/08-editeur-modele.js";"207";"Cible";"Target"
"js/08-editeur-modele.js";"207";"Nom";"Name"
"js/08-editeur-modele.js";"219";"Filtrer…";"Filter…"
"js/08-editeur-modele.js";"272";"+ Ajouter une relation";"+ Add a relation"
"js/08-editeur-modele.js";"276";"Supprimer ?";"Delete?"
"js/08-editeur-modele.js";"286";"Source";""
"js/08-editeur-modele.js";"286";"Nouvelle relation";"New relation"
"js/08-editeur-modele.js";"286";"Modifier";"Edit"
"js/08-editeur-modele.js";"287";"Type";""
"js/08-editeur-modele.js";"288";"Cible";"Target"
"js/08-editeur-modele.js";"289";"Nom";"Name"
"js/08-editeur-modele.js";"290";"Annuler";"Cancel"
"js/08-editeur-modele.js";"292";"Créer";"Create"
"js/08-editeur-modele.js";"292";"Sauvegarder";"Save"
"js/08-editeur-modele.js";"297";"Source = Cible impossible.";"Source = Target not allowed."
"js/08-editeur-modele.js";"319";"Ajouter";"Add"
"js/08-editeur-modele.js";"326";"Package";""
"js/08-editeur-modele.js";"331";"Supprimer le paquetage";"Delete package"
"js/08-editeur-modele.js";"347";"Modifier :";"
    <div style=""font-size:10px;font-weight:700;color:var(--c-dim);margin-bottom:6px;text-transform:uppercase"">Edit: "
"js/08-editeur-modele.js";"348";"Couleur";"Colour"
"js/08-editeur-modele.js";"352";"Tirets";""
"js/08-editeur-modele.js";"358";"— Plein";"— Solid"
"js/08-editeur-modele.js";"358";"– – Tirets";"– – Dashed"
"js/08-editeur-modele.js";"358";"— — Longs";"— — Long"
"js/08-editeur-modele.js";"359";"··· Points";"··· Dotted"
"js/08-editeur-modele.js";"359";"- - Fins";"- - Fine"
"js/08-editeur-modele.js";"359";"—— Espacés";"—— Spaced"
"js/08-editeur-modele.js";"360";"Terminaison";"End"
"js/08-editeur-modele.js";"364";"▶ Flèche pleine";"▶ Filled arrow"
"js/08-editeur-modele.js";"364";"Flèche simple";"Simple arrow"
"js/08-editeur-modele.js";"365";"⊳ Triangle creux";"⊳ Hollow triangle"
"js/08-editeur-modele.js";"365";"— Aucune";"— None"
"js/08-editeur-modele.js";"366";"Départ";"Start"
"js/08-editeur-modele.js";"370";"— Aucun";"— None"
"js/08-editeur-modele.js";"370";"◆ Losange plein";"◆ Filled diamond"
"js/08-editeur-modele.js";"371";"◇ Losange creux";"◇ Hollow diamond"
"js/08-editeur-modele.js";"371";"⊕ Cercle ⊕";"⊕ Circle ⊕"
"js/08-editeur-modele.js";"372";"Annuler Appliquer";"Cancel Apply"
"js/08-editeur-modele.js";"408";"Nouveau critère Nom Couleur";"New criterion Name Colour"
"js/08-editeur-modele.js";"414";"Tirets — Plein – – Tirets — — Longs ··· Points - - Fins —— Espacés Terminaison ▶ Flèche pleine Flèche simple ⊳ Triangle creux — Aucune Départ — Aucun ◆ Losange plein ◇ Losange creux ⊕ Cercle ⊕ Annuler Créer";"Dashes — Solid – – Dashed — — Long ··· Dotted - - Fine —— Spaced End ▶ Filled arrow Simple arrow ⊳ Hollow triangle — None Start — None ◆ Filled diamond ◇ Hollow diamond ⊕ Circle ⊕ Cancel Create"
"js/08-editeur-modele.js";"458";"Nom requis.";"Name required."
"js/08-editeur-modele.js";"459";"Ce critère existe déjà.";"This criterion already exists."
"js/08-editeur-modele.js";"486";"Modifier :";"
    <div style=""font-size:10px;font-weight:700;color:var(--c-dim);margin-bottom:6px;text-transform:uppercase"">Edit: "
"js/08-editeur-modele.js";"487";"Couleur";"Colour"
"js/08-editeur-modele.js";"491";"Abrév.";"Abbr."
"js/08-editeur-modele.js";"495";"Icône Annuler Appliquer";"Icon Cancel Apply"
"js/08-editeur-modele.js";"515";"var(--c-accent)";""
"js/08-editeur-modele.js";"516";"var(--c-accent)";""
"js/08-editeur-modele.js";"535";"Nouveau type Nom Abrév. Couleur";"New type Name Abbr. Colour"
"js/08-editeur-modele.js";"542";"Annuler Créer";"Cancel Create"
"js/08-editeur-modele.js";"567";"Nom requis.";"Name required."
"js/08-editeur-modele.js";"568";"Ce type existe déjà.";"This type already exists."
"js/09-arborescence.js";"21";"Package";""
"js/09-arborescence.js";"48";"Sélectionnez un élément dans l'arborescence ou la carte.";"Select an element in the tree or on the map."
"js/09-arborescence.js";"63";"Double-clic pour modifier";"Double-click to edit"
"js/09-arborescence.js";"77";"var(--c-dim)";""
"js/09-arborescence.js";"81";"Nom";"Name"
"js/09-arborescence.js";"86";"Cliquer pour copier";"Click to copy"
"js/09-arborescence.js";"87";"var(--c-accent)";""
"js/09-arborescence.js";"95";"Type";""
"js/09-arborescence.js";"97";"inp prop-val-edit";""
"js/09-arborescence.js";"100";"Type";""
"js/09-arborescence.js";"107";"— racine";"— root"
"js/09-arborescence.js";"109";"Parent";""
"js/09-arborescence.js";"111";"inp prop-val-edit";""
"js/09-arborescence.js";"112";"— racine";"— root"
"js/09-arborescence.js";"116";"📂 Packages";""
"js/09-arborescence.js";"122";"Éléments";"Elements"
"js/09-arborescence.js";"126";"Parent";""
"js/09-arborescence.js";"127";"Parent";""
"js/09-arborescence.js";"140";"Attributs Capella";"Capella attributes"
"js/09-arborescence.js";"273";"var(--c-dim)";""
"js/09-arborescence.js";"293";"Renommer";"Rename"
"js/09-arborescence.js";"295";"Ajouter un sous-package";"Add a sub-package"
"js/09-arborescence.js";"296";"Ajouter un élément";"Add an element"
"js/09-arborescence.js";"297";"Supprimer ce package";"Delete this package"
"js/09-arborescence.js";"299";"Ajouter un sous-élément";"Add a sub-element"
"js/09-arborescence.js";"300";"Supprimer";"Delete"
"js/09-arborescence.js";"352";"📂 Nouveau package racine";"📂 New root package"
"js/09-arborescence.js";"382";"Nouveau package";"New package"
"js/09-arborescence.js";"383";"Nouveau package";"New package"
"js/09-arborescence.js";"386";"Package";""
"js/09-arborescence.js";"397";"Block";""
"js/09-arborescence.js";"401";"Nouvel élément";"New element"
"js/09-arborescence.js";"405";"Containment";""
"js/09-arborescence.js";"413";"enfant(s). Supprimer ?";"child(ren). Delete?"
"js/09-arborescence.js";"436";"éléments sélectionnés — glisser pour déplacer le groupe";"elements selected — drag to move the group"
"js/09-arborescence.js";"451";"Déplacement impossible : la cible est à l'intérieur de la sélection.";"Cannot move: the target is inside the selection."
"js/09-arborescence.js";"462";"Containment";""
"js/09-arborescence.js";"482";"Block";""
"js/09-arborescence.js";"490";"Containment";""
"js/09-arborescence.js";"528";"📋 Coller la liste ici (1 ligne = 1 élément)";"📋 Paste the list here (1 line = 1 element)"
"js/09-arborescence.js";"532";"Lecture du presse-papier non disponible dans ce navigateur — utilisez Ctrl+V sur l'élément sélectionné.";"Clipboard reading is not available in this browser — use Ctrl+V on the selected element."
"js/09-arborescence.js";"537";"Le presse-papier ne contient aucune ligne de texte exploitable.";"The clipboard contains no usable line of text."
"js/09-arborescence.js";"540";"Accès au presse-papier refusé — utilisez Ctrl+V sur l'élément sélectionné.";"Clipboard access denied — use Ctrl+V on the selected element."
"js/09-arborescence.js";"550";"🔄 Convert to…";""
"js/09-arborescence.js";"550";"élts)";"elts)"
"js/09-arborescence.js";"556";"🔍 Filtrer les types…";"🔍 Filter types…"
"js/09-arborescence.js";"571";"Aucun type ne correspond.";"No matching type."
"js/09-arborescence.js";"576";"var(--c-dim)";""
"js/09-arborescence.js";"603";"Astuce : Ctrl+V fonctionne aussi sur l'élément sélectionné.";"Tip: Ctrl+V also works on the selected element."
"js/09-arborescence.js";"650";"Containment";""
"js/10-table-view.js";"9";"Vue 1";"View 1"
"js/10-table-view.js";"24";"Vue 1";"View 1"
"js/10-table-view.js";"28";"Vue 1";"View 1"
"js/10-table-view.js";"70";"Name";""
"js/10-table-view.js";"70";"Type";""
"js/10-table-view.js";"70";"Human Type";""
"js/10-table-view.js";"70";"Parent";""
"js/10-table-view.js";"70";"Owned element";""
"js/10-table-view.js";"164";"Containment";""
"js/10-table-view.js";"190";"— racine";"— root"
"js/10-table-view.js";"196";"📂 Packages";""
"js/10-table-view.js";"203";"Éléments";"Elements"
"js/10-table-view.js";"248";"Fermer cet onglet";"Close this tab"
"js/10-table-view.js";"251";"Fermer l'onglet";"Close tab"
"js/10-table-view.js";"270";"Nouvel onglet (copie de la vue actuelle)";"New tab (copy of the current view)"
"js/10-table-view.js";"274";"Vue";"View"
"js/10-table-view.js";"375";"Name";""
"js/10-table-view.js";"377";"Type";""
"js/10-table-view.js";"383";"Attribut «";"Attribute «"
"js/10-table-view.js";"391";"Owner [";""
"js/10-table-view.js";"398";"Owned element [";""
"js/10-table-view.js";"406";":fwd:";""
"js/10-table-view.js";"411";":rev:";""
"js/10-table-view.js";"528";"(aucune property disponible)";"(no property available)"
"js/10-table-view.js";"542";"Supprimer cette étape et les suivantes";"Delete this step and the following ones"
"js/10-table-view.js";"584";"✨ Modifier «";"✨ Edit «"
"js/10-table-view.js";"584";"✨ Colonne personnalisée — Metachain Navigation";"✨ Custom column — Metachain Navigation"
"js/10-table-view.js";"586";"Enregistrer les modifications";"Save changes"
"js/10-table-view.js";"586";"Créer la colonne";"Create the column"
"js/10-table-view.js";"609";"Choisissez au moins un Metaclass et une Property.";"Choose at least one Metaclass and one Property."
"js/10-table-view.js";"610";"Chaque étape doit avoir une Property sélectionnée.";"Each step must have a Property selected."
"js/10-table-view.js";"654";"Fichier invalide : JSON illisible.";"Invalid file: unreadable JSON."
"js/10-table-view.js";"655";"Ce fichier ne semble pas être une vue tableau valide.";"This file does not look like a valid table view."
"js/10-table-view.js";"724";"Rechercher un type (nom humain)…";"Search a type (human name)…"
"js/10-table-view.js";"732";"Tout afficher";"Show all"
"js/10-table-view.js";"732";"Tout masquer";"Hide all"
"js/10-table-view.js";"756";"Shared";""
"js/10-table-view.js";"798";"Aucun type ne correspond.";"No matching type."
"js/10-table-view.js";"810";"+ Attribut";"+ Attribute"
"js/10-table-view.js";"815";"Nom de l'attribut…";"Attribute name…"
"js/10-table-view.js";"821";"Ajouter";"Add"
"js/10-table-view.js";"824";"Le nom ne peut pas être vide.";"The name cannot be empty."
"js/10-table-view.js";"825";"Cet attribut existe déjà.";"This attribute already exists."
"js/10-table-view.js";"849";"+ Élément";"+ Element"
"js/10-table-view.js";"850";"Block";""
"js/10-table-view.js";"852";"Nouvel élément";"New element"
"js/10-table-view.js";"864";"⊞ Colonnes (";"⊞ Columns ("
"js/10-table-view.js";"890";"Rechercher une colonne…";"Search a column…"
"js/10-table-view.js";"897";"Tout afficher";"Show all"
"js/10-table-view.js";"897";"Tout masquer";"Hide all"
"js/10-table-view.js";"916";"PhysicalComponent (NODE)";""
"js/10-table-view.js";"917";"PhysicalComponent (BEHAVIOR)";""
"js/10-table-view.js";"959";"var(--c-dim)";""
"js/10-table-view.js";"975";"Modifier le metachain de cette colonne";"Edit the metachain of this column"
"js/10-table-view.js";"978";"Supprimer cette colonne personnalisée";"Delete this custom column"
"js/10-table-view.js";"1009";"Attributs communs";"Common attributes"
"js/10-table-view.js";"1021";"Attributs du fichier XML";"XML file attributes"
"js/10-table-view.js";"1030";"Relations génériques";"Generic relations"
"js/10-table-view.js";"1038";"Spécifique :";"Specific: "
"js/10-table-view.js";"1045";"Aucune colonne ne correspond.";"No matching column."
"js/10-table-view.js";"1053";"Créer une colonne personnalisée (navigation multi-étapes)";"Create a custom column (multi-step navigation)"
"js/10-table-view.js";"1054";"✨ Colonne perso";"✨ Custom column"
"js/10-table-view.js";"1060";"Bascule l'affichage des cellules à plusieurs valeurs";"Toggle the display of multi-valued cells"
"js/10-table-view.js";"1061";"≡ En ligne";"≡ Inline"
"js/10-table-view.js";"1061";"☰ Empilé";"☰ Stacked"
"js/10-table-view.js";"1066";"Sauvegarder cette vue tableau dans un fichier";"Save this table view to a file"
"js/10-table-view.js";"1067";"💾 Sauver vue";"💾 Save view"
"js/10-table-view.js";"1071";"Charger une vue tableau sauvegardée";"Load a saved table view"
"js/10-table-view.js";"1072";"📂 Charger vue";"📂 Load view"
"js/10-table-view.js";"1080";"Remettre les colonnes et les liens dans leur ordre initial";"Restore columns and links to their initial order"
"js/10-table-view.js";"1081";"↺ Ordre initial";"↺ Initial order"
"js/10-table-view.js";"1161";"éléments";" elements"
"js/10-table-view.js";"1258";"Supprimer la colonne";"Delete column"
"js/10-table-view.js";"1291";"Filtrer…";"Filter…"
"js/11-sauvegarde-toolbar-init.js";"47";"Erreur :";"Error: "
"js/11-sauvegarde-toolbar-init.js";"141";"var(--c-bg3)";""
"js/11-sauvegarde-toolbar-init.js";"141";"var(--c-dim)";""
"js/11-sauvegarde-toolbar-init.js";"143";"var(--c-bg2)";""
"js/11-sauvegarde-toolbar-init.js";"143";"var(--c-text)";""
"js/20-capella-chargement.js";"5";"Operational Analysis";""
"js/20-capella-chargement.js";"6";"System Analysis";""
"js/20-capella-chargement.js";"7";"Logical Architecture";""
"js/20-capella-chargement.js";"8";"Physical Architecture";""
"js/20-capella-chargement.js";"9";"EPBS Architecture";""
"js/20-capella-chargement.js";"10";"Transverse";"Cross-layer"
"js/20-capella-chargement.js";"12";"Shared";""
"js/20-capella-chargement.js";"15";"Generalization";""
"js/20-capella-chargement.js";"15";"Part";""
"js/20-capella-chargement.js";"15";"Execution";""
"js/20-capella-chargement.js";"24";"Shared";""
"js/20-capella-chargement.js";"126";"» est un fichier de représentation/métadonnées : déposez le fichier .capella du projet.";"» is a representation/metadata file: drop the project's .capella file."
"js/20-capella-chargement.js";"130";"» n'est pas un fichier Capella (.capella attendu).";"» is not a Capella file (.capella expected)."
"js/20-capella-chargement.js";"133";"Chargement de «";"Loading «"
"js/20-capella-chargement.js";"136";"Impossible de lire «";"Unable to read «"
"js/20-capella-chargement.js";"142";"XML invalide";"Invalid XML"
"js/20-capella-chargement.js";"147";"Aucun élément Capella reconnu dans ce fichier";"No Capella element recognised in this file"
"js/20-capella-chargement.js";"164";"Erreur de chargement :";"Loading error:"
"js/20-capella-chargement.js";"182";"Ouvrir un autre modèle Capella";"Open another Capella model"
"js/20-capella-chargement.js";"183";"Modèle actuel :";"Current model:"
"js/20-capella-chargement.js";"183";"Déposez un nouveau fichier .capella pour le remplacer.";"Drop a new .capella file to replace it."
"js/20-capella-chargement.js";"245";"Shared";""
"js/20-capella-chargement.js";"263";"Project";""
"js/20-capella-chargement.js";"320";"Composition";""
"js/20-capella-chargement.js";"320";"Aggregation";""
"js/20-capella-chargement.js";"320";"Association";""
"js/20-capella-chargement.js";"320";"Containment";""
"js/20-capella-chargement.js";"320";"Generalization";""
"js/20-capella-chargement.js";"320";"Realization";""
"js/20-capella-chargement.js";"320";"Dependency";""
"js/20-capella-chargement.js";"320";"Usage";""
"js/20-capella-chargement.js";"320";"Abstraction";""
"js/20-capella-chargement.js";"320";"Refine";""
"js/20-capella-chargement.js";"320";"Trace";""
"js/20-capella-chargement.js";"320";"Satisfy";""
"js/20-capella-chargement.js";"320";"Verify";""
"js/20-capella-chargement.js";"320";"Copy";""
"js/20-capella-chargement.js";"320";"Allocation";""
"js/20-capella-chargement.js";"321";"Block";""
"js/20-capella-chargement.js";"321";"Component";""
"js/20-capella-chargement.js";"321";"Class";""
"js/20-capella-chargement.js";"321";"Interface";""
"js/20-capella-chargement.js";"321";"Requirement";""
"js/20-capella-chargement.js";"321";"Package";""
"js/20-capella-chargement.js";"324";"Aggregation";""
"js/20-capella-chargement.js";"324";"Association";""
"js/20-capella-chargement.js";"324";"Containment";""
"js/20-capella-chargement.js";"324";"Generalization";""
"js/20-capella-chargement.js";"324";"Realization";""
"js/20-capella-chargement.js";"324";"Dependency";""
"js/20-capella-chargement.js";"324";"Usage";""
"js/20-capella-chargement.js";"324";"Abstraction";""
"js/20-capella-chargement.js";"324";"Refine";""
"js/20-capella-chargement.js";"324";"Trace";""
"js/20-capella-chargement.js";"324";"Satisfy";""
"js/20-capella-chargement.js";"324";"Verify";""
"js/20-capella-chargement.js";"324";"Copy";""
"js/20-capella-chargement.js";"324";"Allocation";""
"js/20-capella-chargement.js";"433";"PhysicalComponent (NODE)";""
"js/20-capella-chargement.js";"434";"PhysicalComponent (BEHAVIOR)";""
"js/20-capella-chargement.js";"673";"🔷 Chargez un fichier .capella via le bouton 🔷 CAPELLA";"🔷 Load a .capella file with the 🔷 CAPELLA button"
"js/21-capella-vues-base.js";"12";"Shared";""
"js/21-capella-vues-base.js";"71";"élément(s) affiché(s)";"element(s) displayed"
"js/21-capella-vues-base.js";"80";"—sans nom—";"—unnamed—"
"js/21-capella-vues-base.js";"90";"Aucun résultat";"No result"
"js/21-capella-vues-base.js";"277";"Owner [";""
"js/21-capella-vues-base.js";"332";"Name";""
"js/21-capella-vues-base.js";"334";"Type";""
"js/21-capella-vues-base.js";"335";"Human Type";""
"js/21-capella-vues-base.js";"344";"Attribut «";"Attribute «"
"js/21-capella-vues-base.js";"366";"Owned element [";""
"js/21-capella-vues-base.js";"388";":fwd:";""
"js/21-capella-vues-base.js";"395";":rev:";""
"js/21-capella-vues-base.js";"571";"Couche";"Layer"
"js/21-capella-vues-base.js";"571";"Type";""
"js/21-capella-vues-base.js";"571";"Human Type";""
"js/21-capella-vues-base.js";"571";"Name";""
"js/21-capella-vues-base.js";"571";"Owner";""
"js/21-capella-vues-base.js";"571";"Owned element";""
"js/21-capella-vues-base.js";"589";"⊞ Colonnes (";"⊞ Columns ("
"js/21-capella-vues-base.js";"599";"🔍 Rechercher une colonne…";"🔍 Search a column…"
"js/21-capella-vues-base.js";"631";"Créer une colonne personnalisée (navigation multi-étapes)";"Create a custom column (multi-step navigation)"
"js/21-capella-vues-base.js";"632";"✨ Colonne perso";"✨ Custom column"
"js/21-capella-vues-base.js";"639";"Bascule l'affichage des cellules à plusieurs valeurs";"Toggle the display of multi-valued cells"
"js/21-capella-vues-base.js";"640";"≡ En ligne";"≡ Inline"
"js/21-capella-vues-base.js";"640";"☰ Empilé";"☰ Stacked"
"js/21-capella-vues-base.js";"648";"Sauvegarder cette vue tableau (colonnes, metachains, filtres) dans un fichier";"Save this table view (columns, metachains, filters) to a file"
"js/21-capella-vues-base.js";"649";"💾 Sauver vue";"💾 Save view"
"js/21-capella-vues-base.js";"653";"Charger une vue tableau sauvegardée";"Load a saved table view"
"js/21-capella-vues-base.js";"654";"📂 Charger vue";"📂 Load view"
"js/21-capella-vues-base.js";"660";"↺ Réinitialiser";"↺ Reset"
"js/21-capella-vues-base.js";"698";"⊞ Colonnes (";"⊞ Columns ("
"js/21-capella-vues-base.js";"703";"Modifier le metachain de cette colonne";"Edit the metachain of this column"
"js/21-capella-vues-base.js";"709";"Supprimer cette colonne personnalisée";"Delete this custom column"
"js/21-capella-vues-base.js";"724";"Colonnes calculées";"Computed columns"
"js/21-capella-vues-base.js";"725";"Couche";"Layer"
"js/21-capella-vues-base.js";"725";"Type";""
"js/21-capella-vues-base.js";"725";"Human Type";""
"js/21-capella-vues-base.js";"726";"Name";""
"js/21-capella-vues-base.js";"726";"Owner";""
"js/21-capella-vues-base.js";"726";"Owned element";""
"js/21-capella-vues-base.js";"730";"Colonnes personnalisées";"Custom columns"
"js/21-capella-vues-base.js";"736";"Attributs du fichier XML";"XML file attributes"
"js/21-capella-vues-base.js";"809";"(aucune property disponible)";"(no property available)"
"js/21-capella-vues-base.js";"827";"Supprimer cette étape et les suivantes";"Delete this step and the following ones"
"js/21-capella-vues-base.js";"877";"✨ Modifier «";"✨ Edit «"
"js/21-capella-vues-base.js";"877";"✨ Colonne personnalisée — Metachain Navigation";"✨ Custom column — Metachain Navigation"
"js/21-capella-vues-base.js";"879";"Enregistrer les modifications";"Save changes"
"js/21-capella-vues-base.js";"879";"Créer la colonne";"Create the column"
"js/21-capella-vues-base.js";"902";"Choisissez au moins un Metaclass et une Property.";"Choose at least one Metaclass and one Property."
"js/21-capella-vues-base.js";"903";"Chaque étape doit avoir une Property sélectionnée.";"Each step must have a Property selected."
"js/21-capella-vues-base.js";"951";"Fichier invalide : JSON illisible.";"Invalid file: unreadable JSON."
"js/21-capella-vues-base.js";"952";"Ce fichier ne semble pas être une vue tableau Capella valide.";"This file does not look like a valid Capella table view."
"js/21-capella-vues-base.js";"991";"élément(s)";"element(s)"
"js/21-capella-vues-base.js";"1017";"Filtrer…";"Filter…"
"js/22-capella-liens.js";"4";"PC NODE→PC NODE";""
"js/22-capella-liens.js";"4";"Sous-composant nœud";"Node sub-component"
"js/22-capella-liens.js";"5";"PC BEHAVIOR→PC BEHAVIOR";""
"js/22-capella-liens.js";"5";"Sous-composant comportemental";"Behavioural sub-component"
"js/22-capella-liens.js";"6";"PC Root→PC";""
"js/22-capella-liens.js";"6";"Sous-composant physique (nature mixte)";"Physical sub-component (mixed nature)"
"js/22-capella-liens.js";"7";"PC NODE→PC BEHAVIOR";""
"js/22-capella-liens.js";"7";"Déploie (comportement sur nœud)";"Deploys (behaviour on node)"
"js/22-capella-liens.js";"8";"PC BEHAVIOR→PhysicalFunction";""
"js/22-capella-liens.js";"8";"Composant physique → fonction (réalise)";"Physical component → function (performs)"
"js/22-capella-liens.js";"9";"PhysicalFunction→PhysicalFunction";""
"js/22-capella-liens.js";"9";"Sous-fonction physique";"Physical sub-function"
"js/22-capella-liens.js";"10";"LogicalComponent→LogicalComponent";""
"js/22-capella-liens.js";"10";"Sous-composant logique";"Logical sub-component"
"js/22-capella-liens.js";"11";"LogicalFunction→LogicalFunction";""
"js/22-capella-liens.js";"11";"Sous-fonction logique";"Logical sub-function"
"js/22-capella-liens.js";"12";"LogicalComponent→LogicalFunction";""
"js/22-capella-liens.js";"12";"Composant logique → fonction (réalise)";"Logical component → function (performs)"
"js/22-capella-liens.js";"13";"SystemComponent→SystemComponent";""
"js/22-capella-liens.js";"13";"Sous-composant système";"System sub-component"
"js/22-capella-liens.js";"14";"SystemFunction→SystemFunction";""
"js/22-capella-liens.js";"14";"Sous-fonction système";"System sub-function"
"js/22-capella-liens.js";"15";"SystemComponent→SystemFunction";""
"js/22-capella-liens.js";"15";"Système / acteur → fonction (réalise)";"System / actor → function (performs)"
"js/22-capella-liens.js";"16";"OperationalActivity→OperationalActivity";""
"js/22-capella-liens.js";"16";"Sous-activité opérationnelle";"Operational sub-activity"
"js/22-capella-liens.js";"17";"Entity→OperationalActivity";""
"js/22-capella-liens.js";"17";"Entité → activité (réalise)";"Entity → activity (performs)"
"js/22-capella-liens.js";"18";"Capability→SystemComponent";""
"js/22-capella-liens.js";"18";"Capacité → système / acteur impliqué";"Capability → involved system / actor"
"js/22-capella-liens.js";"19";"CapabilityRealization→LogicalComponent";""
"js/22-capella-liens.js";"19";"Réalisation de capacité → composant logique impliqué";"Capability realization → involved logical component"
"js/22-capella-liens.js";"20";"CapabilityRealization→PhysicalComponent";""
"js/22-capella-liens.js";"20";"Réalisation de capacité → composant physique impliqué";"Capability realization → involved physical component"
"js/22-capella-liens.js";"21";"OperationalCapability→Entity";""
"js/22-capella-liens.js";"21";"Capacité opérationnelle → entité impliquée";"Operational capability → involved entity"
"js/22-capella-liens.js";"22";"Mission→SystemComponent";""
"js/22-capella-liens.js";"22";"Mission → système / acteur impliqué";"Mission → involved system / actor"
"js/22-capella-liens.js";"23";"Mission→Capability";""
"js/22-capella-liens.js";"23";"Mission → capacité exploitée";"Mission → exploited capability"
"js/22-capella-liens.js";"143";"Toutes (";""
"js/22-capella-liens.js";"154";"Source ID source Cible ID cible";"Source Source ID Target Target ID"
"js/22-capella-liens.js";"165";"Aucun lien.";"No link."
"js/23-chaines.js";"3";"Chaîne fonctionnelle";"Functional chain"
"js/23-chaines.js";"3";"Processus opérationnel";"Operational process"
"js/23-chaines.js";"3";"Chemin physique";"Physical path"
"js/23-chaines.js";"9";"Acteur";"Actor"
"js/23-chaines.js";"10";"Système";"System"
"js/23-chaines.js";"11";"Non alloué";"Unallocated"
"js/23-chaines.js";"267";"Chaîne vide.";"Empty chain."
"js/23-chaines.js";"358";"· alloué à";"· allocated to"
"js/23-chaines.js";"358";"· ENTRÉE";"· INPUT"
"js/23-chaines.js";"358";"· SORTIE";"· OUTPUT"
"js/23-chaines.js";"364";"ENTRÉE";""">INPUT</text>"
"js/23-chaines.js";"388";"Non classée";"Unclassified"
"js/23-chaines.js";"408";"Tous types (";"All types ("
"js/23-chaines.js";"410";"chaîne(s)";""
"js/23-chaines.js";"412";"▦ Diagrammes";"▦ Diagrams"
"js/23-chaines.js";"413";"🗺 Vue Relation Map";""
"js/23-chaines.js";"417";"Toutes catégories (";"All categories ("
"js/23-chaines.js";"419";"Contenu";"Content"
"js/23-chaines.js";"419";"Non classées";"Unclassified"
"js/23-chaines.js";"421";"Toutes";"All"
"js/23-chaines.js";"421";"Non vides";""
"js/23-chaines.js";"421";"Vides";""
"js/23-chaines.js";"424";"Porté par un acteur";"Performed by an actor"
"js/23-chaines.js";"425";"Porté par le système";"Performed by the system"
"js/23-chaines.js";"426";"Non alloué Bordure épaisse = entrée / sortie de la chaîne · flèches dans le sens réel des échanges";"Unallocated Thick border = chain input / output · arrows in the actual direction of exchanges"
"js/23-chaines.js";"441";"Aucune chaîne.";"No chain."
"js/23-chaines.js";"445";"chaîne";" chain"
"js/23-chaines.js";"457";"échanges ·";"exchanges ·"
"js/23-chaines.js";"457";"entrée";" input"
"js/23-chaines.js";"457";"⑂ ramifiée";"⑂ branched"
"js/23-chaines.js";"483";"Entrées";"Inputs"
"js/23-chaines.js";"484";"Sorties";"Outputs"
"js/23-chaines.js";"485";"🖼 PNG 📐 SVG 📋 Copier ⬇ CSV";"🖼 PNG 📐 SVG 📋 Copy ⬇ CSV"
"js/23-chaines.js";"491";"🗺 Ouvrir en vue Relation Map";"🗺 Open in Relation Map view"
"js/23-chaines.js";"496";"Composants impliqués";"Involved components"
"js/23-chaines.js";"496";"Fonctions impliquées";"Involved functions"
"js/23-chaines.js";"497";"Type Alloué à Rôle Entr. Sort.";"Type Allocated to Role In Out"
"js/23-chaines.js";"497";"Composant";"Component"
"js/23-chaines.js";"497";"Fonction";"Function"
"js/23-chaines.js";"498";"Physical Links impliqués";"Involved Physical Links"
"js/23-chaines.js";"498";"Functional Exchanges impliqués";"Involved Functional Exchanges"
"js/23-chaines.js";"499";"Source Cible";"Source Target"
"js/23-chaines.js";"499";"Physical Link";""
"js/23-chaines.js";"499";"Functional Exchange";""
"js/23-chaines.js";"499";"Component Exchanges alloués";"Allocated Component Exchanges"
"js/23-chaines.js";"499";"Exchange Items CE porteur";"Exchange Items Carrying CE"
"js/24-chaines-export.js";"34";"Segoe UI,Arial,sans-serif";""
"js/24-chaines-export.js";"43";"Projet Capella";"Capella project"
"js/24-chaines-export.js";"45";"Projet";"Project"
"js/24-chaines-export.js";"46";"Diagramme";"Diagram"
"js/24-chaines-export.js";"47";"Type";""
"js/24-chaines-export.js";"48";"Couche";"Layer"
"js/24-chaines-export.js";"48";"Non classée";"Unclassified"
"js/24-chaines-export.js";"49";"Contenu";"Content"
"js/24-chaines-export.js";"49";"échanges ·";"exchanges ·"
"js/24-chaines-export.js";"50";"Date";""
"js/24-chaines-export.js";"52";"Planche";"Sheet"
"js/24-chaines-export.js";"81";"Acteur";"Actor"
"js/24-chaines-export.js";"81";"Système";"System"
"js/24-chaines-export.js";"81";"Non alloué";"Unallocated"
"js/24-chaines-export.js";"85";"Bordure épaisse = entrée / sortie";"Thick border = input / output"
"js/24-chaines-export.js";"120";"Rendu SVG impossible";"SVG rendering failed"
"js/24-chaines-export.js";"154";"📋 Image copiée dans le presse-papiers";"📋 Image copied to the clipboard"
"js/24-chaines-export.js";"155";"⚠ Copie refusée par le navigateur — utilisez PNG";"⚠ Copy refused by the browser — use PNG"
"js/24-chaines-export.js";"202";"0 obj";""
"js/24-chaines-export.js";"203";"%PDF-1.4";""
"js/24-chaines-export.js";"205";"/Type /Pages /Count";""
"js/24-chaines-export.js";"205";"/Kids [";""
"js/24-chaines-export.js";"206";"/Type /Outlines /Count";""
"js/24-chaines-export.js";"206";"/First";""
"js/24-chaines-export.js";"206";"0 R /Last";""
"js/24-chaines-export.js";"207";"/Title";""
"js/24-chaines-export.js";"207";"/Producer (relation-map-capella) /CreationDate (D:";""
"js/24-chaines-export.js";"212";"/Type /Page /Parent 2 0 R /MediaBox [0 0";""
"js/24-chaines-export.js";"212";"] /Resources /XObject /Im0";""
"js/24-chaines-export.js";"212";"0 R /Contents";""
"js/24-chaines-export.js";"214";"/Length";""
"js/24-chaines-export.js";"215";"/Type /XObject /Subtype /Image /Width";""
"js/24-chaines-export.js";"215";"/Height";""
"js/24-chaines-export.js";"215";"/ColorSpace /DeviceRGB /BitsPerComponent 8 /Filter /DCTDecode /Length";""
"js/24-chaines-export.js";"216";"/Title";""
"js/24-chaines-export.js";"216";"/Parent 3 0 R";""
"js/24-chaines-export.js";"216";"/Dest [";""
"js/24-chaines-export.js";"216";"0 R /Fit]";""
"js/24-chaines-export.js";"216";"/Prev";""
"js/24-chaines-export.js";"216";"/Next";""
"js/24-chaines-export.js";"219";"xref 0";""
"js/24-chaines-export.js";"221";"trailer /Size";""
"js/24-chaines-export.js";"221";"/Root 1 0 R /Info 4 0 R startxref";""
"js/24-chaines-export.js";"221";"%%EOF";""
"js/24-chaines-export.js";"281";"Entrée / Sortie";"Input / Output"
"js/24-chaines-export.js";"281";"Entrée";"Input"
"js/24-chaines-export.js";"281";"Sortie";"Output"
"js/24-chaines-export.js";"298";"N° composant";"Component no."
"js/24-chaines-export.js";"298";"N° fonction";"Function no."
"js/24-chaines-export.js";"298";"Composant";"Component"
"js/24-chaines-export.js";"298";"Fonction";"Function"
"js/24-chaines-export.js";"298";"Type";""
"js/24-chaines-export.js";"298";"Alloué à";"Allocated to"
"js/24-chaines-export.js";"298";"Rôle";"Role"
"js/24-chaines-export.js";"298";"Entrants";"Incoming"
"js/24-chaines-export.js";"298";"Sortants";"Outgoing"
"js/24-chaines-export.js";"300";"N° échange";"Exchange no."
"js/24-chaines-export.js";"300";"Physical Link";""
"js/24-chaines-export.js";"300";"Functional Exchange";""
"js/24-chaines-export.js";"300";"Source";""
"js/24-chaines-export.js";"300";"Vers (N°)";"To (no.)"
"js/24-chaines-export.js";"300";"Cible";"Target"
"js/24-chaines-export.js";"300";"Component Exchanges alloués";"Allocated Component Exchanges"
"js/24-chaines-export.js";"300";"Exchange Items";""
"js/24-chaines-export.js";"300";"Component Exchange porteur";"Carrying Component Exchange"
"js/24-chaines-export.js";"317";"Entrées / Sorties";"Inputs / Outputs"
"js/24-chaines-export.js";"317";"Rôle";"Role"
"js/24-chaines-export.js";"317";"Composant";"Component"
"js/24-chaines-export.js";"317";"Fonction";"Function"
"js/24-chaines-export.js";"317";"Alloué à";"Allocated to"
"js/24-chaines-export.js";"318";"Entrée";"Input"
"js/24-chaines-export.js";"318";"Sortie";"Output"
"js/24-chaines-export.js";"319";"Composants impliqués";"Involved components"
"js/24-chaines-export.js";"319";"Fonctions impliquées";"Involved functions"
"js/24-chaines-export.js";"319";"Composant";"Component"
"js/24-chaines-export.js";"319";"Fonction";"Function"
"js/24-chaines-export.js";"319";"Type";""
"js/24-chaines-export.js";"319";"Alloué à";"Allocated to"
"js/24-chaines-export.js";"319";"Rôle";"Role"
"js/24-chaines-export.js";"319";"Entr.";""
"js/24-chaines-export.js";"319";"Sort.";""
"js/24-chaines-export.js";"321";"Physical Links impliqués";"Involved Physical Links"
"js/24-chaines-export.js";"321";"Functional Exchanges impliqués";"Involved Functional Exchanges"
"js/24-chaines-export.js";"322";"Physical Link";""
"js/24-chaines-export.js";"322";"Source";""
"js/24-chaines-export.js";"322";"Cible";"Target"
"js/24-chaines-export.js";"322";"Component Exchanges alloués";"Allocated Component Exchanges"
"js/24-chaines-export.js";"323";"Functional Exchange";""
"js/24-chaines-export.js";"323";"Source";""
"js/24-chaines-export.js";"323";"Cible";"Target"
"js/24-chaines-export.js";"323";"Exchange Items";""
"js/24-chaines-export.js";"323";"CE porteur";"Carrying CE"
"js/24-chaines-export.js";"336";"(suite)";""
"js/24-chaines-export.js";"342";"Segoe UI, Arial, sans-serif";""
"js/24-chaines-export.js";"349";"Annexe —";"Appendix —"
"js/24-chaines-export.js";"350";"échanges";" exchanges"
"js/24-chaines-export.js";"350";"Non classée";"Unclassified"
"js/24-chaines-export.js";"375";"Planche";"Sheet"
"js/24-chaines-export.js";"388";"Projet Capella";"Capella project"
"js/24-chaines-export.js";"390";"700 44px Segoe UI, Arial, sans-serif";""
"js/24-chaines-export.js";"390";"Diagrammes de chaînes";"Chain diagrams"
"js/24-chaines-export.js";"391";"28px Segoe UI, Arial, sans-serif";""
"js/24-chaines-export.js";"394";"700 24px Segoe UI, Arial, sans-serif";""
"js/24-chaines-export.js";"394";"Sommaire";"Contents"
"js/24-chaines-export.js";"396";"20px Segoe UI, Arial, sans-serif";""
"js/24-chaines-export.js";"406";"autres (voir les signets du PDF)";"others (see the PDF bookmarks)"
"js/24-chaines-export.js";"416";"Aucune chaîne à exporter.";"No chain to export."
"js/24-chaines-export.js";"418";"Capella";""
"js/24-chaines-export.js";"429";"Sommaire";"Contents"
"js/24-chaines-export.js";"446";"— annexe";"— appendix"
"js/24-chaines-export.js";"450";"Chaînes —";"Chains —"
"js/24-chaines-export.js";"450";"- chaines -";"- chains -"
"js/24-chaines-export.js";"451";"- chaines";"- chains"
"js/24-chaines-export.js";"452";"chaîne";" chain"
"js/24-chaines-export.js";"452";"exportée";" exported"
"js/24-chaines-export.js";"452";"pages)";""
"js/24-chaines-export.js";"453";"⚠ Échec de l'export :";"⚠ Export failed:"
"js/24-chaines-export.js";"461";"⏳ Rapport HTML (";"⏳ HTML report ("
"js/24-chaines-export.js";"461";"chaînes)…";"chains)…"
"js/24-chaines-export.js";"466";"N° Couche Type Chaîne";"No. Layer Type Chain"
"js/24-chaines-export.js";"466";"Échanges Entrées Sorties";"Exchanges Inputs Outputs"
"js/24-chaines-export.js";"466";"Fonctions / composants";"Functions / components"
"js/24-chaines-export.js";"466";"Fonctions";"Functions"
"js/24-chaines-export.js";"468";"Porté par un acteur";"Performed by an actor"
"js/24-chaines-export.js";"469";"Porté par le système";"Performed by the system"
"js/24-chaines-export.js";"470";"Non alloué Bordure épaisse = entrée / sortie";"Unallocated Thick border = input / output"
"js/24-chaines-export.js";"483";"Capella";""
"js/24-chaines-export.js";"484";"⚡ Chaînes";"⚡ Chains"
"js/24-chaines-export.js";"484";"chaîne";" chain"
"js/24-chaines-export.js";"485";"📋 Sommaire";"📋 Contents"
"js/24-chaines-export.js";"485";"▦ Diagrammes";"▦ Diagrams"
"js/24-chaines-export.js";"486";"- chaines.html";"- chains.html"
"js/24-chaines-export.js";"487";"✔ Rapport HTML :";"✔ HTML report:"
"js/24-chaines-export.js";"487";"chaîne";" chain"
"js/24-chaines-export.js";"498";"Tout";"All"
"js/24-chaines-export.js";"499";"sélectionnée";" selected"
"js/24-chaines-export.js";"499";"aucune sélection → export des";"no selection → export of the"
"js/24-chaines-export.js";"499";"affichées";" displayed"
"js/24-chaines-export.js";"501";"Cadre";"Frame"
"js/24-chaines-export.js";"501";"Cadre et onglet [FC] Nom en haut à gauche";"Frame and [FC] Name tab at the top left"
"js/24-chaines-export.js";"502";"Cartouche";"Title block"
"js/24-chaines-export.js";"502";"Cartouche technique en bas à droite (projet, type, couche, date…)";"Title block at the bottom right (project, type, layer, date…)"
"js/24-chaines-export.js";"503";"Légende";"Legend"
"js/24-chaines-export.js";"503";"Légende des couleurs en bas à gauche";"Colour legend at the bottom left"
"js/24-chaines-export.js";"504";"Description";""
"js/24-chaines-export.js";"504";"Description Capella de la chaîne sous l'onglet";"Capella description of the chain under the tab"
"js/24-chaines-export.js";"505";"Annexes";"Appendices"
"js/24-chaines-export.js";"505";"PDF : planche(s) d'annexe après chaque diagramme (entrées/sorties, fonctions, échanges) · ZIP : CSV par chaîne";"PDF: appendix sheet(s) after each diagram (inputs/outputs, functions, exchanges) · ZIP: one CSV per chain"
"js/24-chaines-export.js";"507";"📄 PDF 🗜 ZIP PNG 🗜 ZIP SVG 🌐 HTML";"📄 PDF 🗜 ZIP PNG 🗜 ZIP SVG 🌐 HTML"
"js/24-chaines-export.js";"543";"sélectionnée";" selected"
"js/24-chaines-export.js";"543";"aucune sélection → export des";"no selection → export of the"
"js/24-chaines-export.js";"543";"affichées";" displayed"
"js/24-chaines-export.js";"554";"Aucune chaîne.";"No chain."
"js/24-chaines-export.js";"560";"Gauche → droite";"Left → right"
"js/24-chaines-export.js";"560";"Haut → bas";"Top → bottom"
"js/24-chaines-export.js";"560";"Droite → gauche";"Right → left"
"js/24-chaines-export.js";"560";"◉ Rad";""
"js/24-chaines-export.js";"560";"Radiale : couches en anneaux";"Radial: layers as rings"
"js/24-chaines-export.js";"560";"⚡ Zig";""
"js/24-chaines-export.js";"560";"Zigzag : couches en lignes serpentines";"Zigzag: layers as serpentine rows"
"js/24-chaines-export.js";"570";"⬡ Compact";"⬡ Compact"
"js/24-chaines-export.js";"571";"caractères (nom complet au survol)"" ✂ Noms ⊡ Ajuster ↗ Relation Map principale";"characters (full name on hover)"" ✂ Names ⊡ Fit ↗ Main Relation Map"
"js/24-chaines-export.js";"594";"Aucun résultat.";"No result."
"js/24-chaines-export.js";"616";"var(--c-accent)";""
"js/24-chaines-export.js";"623";"Chaîne vide : aucune fonction impliquée dans le modèle";"Empty chain: no function involved in the model"
"js/24-chaines-export.js";"624";"var(--c-dim)";""
"js/24-chaines-export.js";"759";"var(--c-accent)";""
"js/24-chaines-export.js";"761";"(retour)";""
"js/24-chaines-export.js";"768";"var(--c-text)";""
"js/24-chaines-export.js";"769";"var(--c-bg)";""
"js/24-chaines-export.js";"777";"translate(";""
"js/24-chaines-export.js";"779";"· alloué à";"· allocated to"
"js/24-chaines-export.js";"779";"· ENTRÉE";"· INPUT"
"js/24-chaines-export.js";"779";"· SORTIE";"· OUTPUT"
"js/24-chaines-export.js";"783";"var(--c-text)";""
"js/24-chaines-export.js";"788";"var(--c-node-bg)";""
"js/24-chaines-export.js";"791";"▶ ENTRÉE";"▶ INPUT"
"js/24-chaines-export.js";"791";"SORTIE ■";"OUTPUT ■"
"js/24-chaines-export.js";"799";"var(--c-node-txt)";""
"js/25-panneau-detail.js";"8";"—sans nom—";"—unnamed—"
"js/25-panneau-detail.js";"46";"var(--c-dim)";""
"js/25-panneau-detail.js";"54";"Attributs";"Attributes"
"js/25-panneau-detail.js";"59";"Références sortantes →";"Outgoing references →"
"js/25-panneau-detail.js";"67";"Références entrantes ← (navigation inverse)";"Incoming references ← (reverse navigation)"
"js/25-panneau-detail.js";"77";"Owner (parent)";""
"js/25-panneau-detail.js";"83";"Owned elements (";""
"js/26-rapports-html.js";"48";"Projet Capella";"Capella project"
"js/27-interfaces-calculs.js";"58";"Émetteur ↓ / Récepteur →";"Sender ↓ / Receiver →"
"js/27-interfaces-calculs.js";"58";"Composant";"Component"
"js/27-interfaces-calculs.js";"72";"composants · cliquez une cellule pour lister les";"components · click a cell to list the"
"js/27-interfaces-calculs.js";"82";"à vérifier";"to check"
"js/27-interfaces-calculs.js";"82";"✔ Aucune anomalie détectée";"✔ No anomaly detected"
"js/27-interfaces-calculs.js";"87";"✔ RAS";"✔ Nothing to report"
"js/27-interfaces-calculs.js";"106";"Port d'entrée (IN)";"Input port (IN)"
"js/27-interfaces-calculs.js";"107";"Port de sortie (OUT)";"Output port (OUT)"
"js/27-interfaces-calculs.js";"108";"Port bidirectionnel (INOUT)";"Bidirectional port (INOUT)"
"js/27-interfaces-calculs.js";"109";"Orientation non définie (UNSET)";"Undefined orientation (UNSET)"
"js/27-interfaces-calculs.js";"113";"→ Orienté";"→ Oriented"
"js/27-interfaces-calculs.js";"113";"Sens source → cible";"Source → target direction"
"js/27-interfaces-calculs.js";"114";"← Inversé";"← Reversed"
"js/27-interfaces-calculs.js";"114";"Sens cible → source (déduit des orientations de ports)";"Target → source direction (deduced from port orientations)"
"js/27-interfaces-calculs.js";"115";"⇄ Bidirectionnel";"⇄ Bidirectional"
"js/27-interfaces-calculs.js";"115";"Échange dans les deux sens (port INOUT)";"Exchange in both directions (INOUT port)"
"js/27-interfaces-calculs.js";"116";"? Non orienté";"? Not oriented"
"js/27-interfaces-calculs.js";"116";"Aucun port orienté : sens inconnu";"No oriented port: unknown direction"
"js/27-interfaces-calculs.js";"145";"Deux ports OUT reliés";"Two OUT ports connected"
"js/27-interfaces-calculs.js";"146";"Deux ports IN reliés";"Two IN ports connected"
"js/28-index-types.js";"21";"🔍 Rechercher par type, nom humain ou description…";"🔍 Search by type, human name or description…"
"js/28-index-types.js";"50";"Type";""
"js/28-index-types.js";"51";"Human Type";""
"js/28-index-types.js";"53";"Description";""
"js/28-index-types.js";"93";"type(s)";""
"js/28-index-types.js";"99";"var(--c-bg3)";""
"js/29-physical-link.js";"44";"Capella Project";""
"js/29-physical-link.js";"83";"ComponentPorts alloués :";"Allocated ComponentPorts:"
"js/29-physical-link.js";"97";"Physical Links sans Component Exchange alloué";"Physical Links without allocated Component Exchange"
"js/29-physical-link.js";"97";"Le lien ne transporte aucun échange";"The link carries no exchange"
"js/29-physical-link.js";"97";"Physical Link";""
"js/29-physical-link.js";"97";"Extrémité 1";"End 1"
"js/29-physical-link.js";"97";"Extrémité 2";"End 2"
"js/29-physical-link.js";"99";"Ports physiques orphelins (sans Physical Link)";"Orphan physical ports (no Physical Link)"
"js/29-physical-link.js";"99";"PhysicalPort relié à aucun lien";"PhysicalPort connected to no link"
"js/29-physical-link.js";"99";"Composant";"Component"
"js/29-physical-link.js";"99";"Port physique";"Physical port"
"js/29-physical-link.js";"99";"ComponentPorts alloués";"Allocated ComponentPorts"
"js/29-physical-link.js";"100";"Ports physiques sans ComponentPort alloué";"Physical ports without allocated ComponentPort"
"js/29-physical-link.js";"100";"Aucune ComponentPortAllocation";"No ComponentPortAllocation"
"js/29-physical-link.js";"100";"Composant";"Component"
"js/29-physical-link.js";"100";"Port physique";"Physical port"
"js/29-physical-link.js";"100";"ComponentPorts alloués";"Allocated ComponentPorts"
"js/29-physical-link.js";"101";"Component Exchanges (PA) non alloués à un Physical Link";"Component Exchanges (PA) not allocated to a Physical Link"
"js/29-physical-link.js";"101";"Hors délégations";"Delegations excluded"
"js/29-physical-link.js";"101";"Component Exchange";""
"js/29-physical-link.js";"108";"Aucun lien physique ne correspond au filtre.";"No physical link matches the filter."
"js/29-physical-link.js";"154";"Component Exchanges alloués :";"Allocated Component Exchanges:"
"js/29-physical-link.js";"154";"Aucun Component Exchange alloué";"No allocated Component Exchange"
"js/29-physical-link.js";"158";"var(--c-dim)";""
"js/29-physical-link.js";"179";"≡ Vue Ligne";"≡ Line view"
"js/29-physical-link.js";"179";"▣ Vue Composant";"▣ Component view"
"js/29-physical-link.js";"179";"▦ Matrice";"▦ Matrix"
"js/29-physical-link.js";"179";"🩺 Contrôles";"🩺 Checks"
"js/29-physical-link.js";"185";"composant «";"component «"
"js/29-physical-link.js";"185";"lien «";"link «"
"js/29-physical-link.js";"185";"avec CE";"with CE"
"js/29-physical-link.js";"185";"sans CE";"without CE"
"js/29-physical-link.js";"186";"🔌 Physical Links";""
"js/29-physical-link.js";"186";"· filtres :";"· filters:"
"js/29-physical-link.js";"224";"≡ Vue Ligne";"≡ Line view"
"js/29-physical-link.js";"225";"▣ Vue Composant";"▣ Component view"
"js/29-physical-link.js";"226";"▦ Matrice";"▦ Matrix"
"js/29-physical-link.js";"227";"🩺 Contrôles";"🩺 Checks"
"js/29-physical-link.js";"230";"Tous";"All"
"js/29-physical-link.js";"230";"⇢ Avec CE";"⇢ With CE"
"js/29-physical-link.js";"230";"∅ Sans CE";"∅ Without CE"
"js/29-physical-link.js";"231";"🖥 Composant :";"🖥 Component:"
"js/29-physical-link.js";"236";"🔍 Lien :";"🔍 Link:"
"js/29-physical-link.js";"238";"⬇ CSV ⬇ HTML ⬇ HTML (toutes les vues)";"⬇ CSV ⬇ HTML ⬇ HTML (all views)"
"js/30-ports.js";"13";"⇄ INOUT";""
"js/30-ports.js";"119";"Port";""
"js/30-ports.js";"119";"du FE non alloué aux ports du CE";"of the FE not allocated to the CE ports"
"js/30-ports.js";"127";"Port";""
"js/30-ports.js";"127";"du CE non alloué aux ports physiques du lien";"of the CE not allocated to the physical ports of the link"
"js/30-ports.js";"130";"Function Ports non alloués alors que la fonction est allouée à un composant qui a des ports";"Function Ports not allocated although the function is allocated to a component that has ports"
"js/30-ports.js";"131";"Aucune PortAllocation ·";"No PortAllocation ·"
"js/30-ports.js";"131";"autres ports non alloués ignorés (fonction non allouée ou composant sans ports)";"other unallocated ports ignored (unallocated function or component without ports)"
"js/30-ports.js";"131";"Fonction ⬦ Port";"Function ⬦ Port"
"js/30-ports.js";"131";"Couche";"Layer"
"js/30-ports.js";"133";"Component Ports sans Function Port alloué";"Component Ports without allocated Function Port"
"js/30-ports.js";"133";"Port de composant sans comportement associé";"Component port with no associated behaviour"
"js/30-ports.js";"133";"Composant ⬦ Port";"Component ⬦ Port"
"js/30-ports.js";"133";"Couche";"Layer"
"js/30-ports.js";"135";"Component Ports (PA) non alloués à un Physical Port";"Component Ports (PA) not allocated to a Physical Port"
"js/30-ports.js";"135";"Aucune ComponentPortAllocation";"No ComponentPortAllocation"
"js/30-ports.js";"135";"Composant ⬦ Port";"Component ⬦ Port"
"js/30-ports.js";"137";"Physical Ports sans Component Port alloué";"Physical Ports without allocated Component Port"
"js/30-ports.js";"137";"Port physique sans port logique porté";"Physical port carrying no logical port"
"js/30-ports.js";"137";"Composant ⬦ Port physique";"Component ⬦ Physical port"
"js/30-ports.js";"139";"Sens incohérent Function Port / Component Port";"Inconsistent direction Function Port / Component Port"
"js/30-ports.js";"139";"Sortie de fonction sur port IN, ou entrée sur port OUT";"Function output on an IN port, or input on an OUT port"
"js/30-ports.js";"139";"Function Port";""
"js/30-ports.js";"139";"Component Port";""
"js/30-ports.js";"140";"Functional Exchange ↔ Component Exchange : ports non alignés";"Functional Exchange ↔ Component Exchange: misaligned ports"
"js/30-ports.js";"140";"Les ports du FE doivent être alloués aux ports du CE qui le porte";"The FE ports must be allocated to the ports of the CE that carries it"
"js/30-ports.js";"140";"Functional Exchange";""
"js/30-ports.js";"140";"Component Exchange";""
"js/30-ports.js";"140";"Écart";"Gap"
"js/30-ports.js";"141";"Component Exchange ↔ Physical Link : ports non alignés";"Component Exchange ↔ Physical Link: misaligned ports"
"js/30-ports.js";"141";"Les ports du CE doivent être alloués aux ports physiques du lien qui le porte";"The CE ports must be allocated to the physical ports of the link that carries it"
"js/30-ports.js";"141";"Component Exchange";""
"js/30-ports.js";"141";"Physical Link";""
"js/30-ports.js";"141";"Écart";"Gap"
"js/30-ports.js";"173";"Aucun port ne correspond au filtre.";"No port matches the filter."
"js/30-ports.js";"179";"∅ non alloué";"∅ not allocated"
"js/30-ports.js";"185";"Couche Fonction Function Port Functional Exchanges Composant Component Port Component Exchanges Physical Port Physical Links";"Layer Function Function Port Functional Exchanges Component Component Port Component Exchanges Physical Port Physical Links"
"js/30-ports.js";"189";"Affichage limité aux";"Display limited to the first"
"js/30-ports.js";"189";"premières lignes sur";"rows out of"
"js/30-ports.js";"189";"— affinez le filtre ou exportez en CSV.";"— refine the filter or export to CSV."
"js/30-ports.js";"201";"Aucun composant ne correspond au filtre.";"No component matches the filter."
"js/30-ports.js";"205";"∅ aucun Component Port";"∅ no Component Port"
"js/30-ports.js";"206";"∅ lien";"∅ link"
"js/30-ports.js";"211";"∅ aucun Function Port";"∅ no Function Port"
"js/30-ports.js";"219";"component port(s)";""
"js/30-ports.js";"219";"port(s) physique(s) ·";"physical port(s) ·"
"js/30-ports.js";"222";"Ports physiques → Component Ports alloués";"Physical ports → allocated Component Ports"
"js/30-ports.js";"222";"Component Ports ← Function Ports alloués";"Component Ports ← allocated Function Ports"
"js/30-ports.js";"242";"≡ Traçabilité";"≡ Traceability"
"js/30-ports.js";"243";"▣ Par composant";"▣ By component"
"js/30-ports.js";"244";"🩺 Contrôles ƒ";"🩺 Checks ƒ"
"js/30-ports.js";"245";"function ports · ⬦";""
"js/30-ports.js";"245";"component ports · 🔌";""
"js/30-ports.js";"245";"physical ports";""
"js/30-ports.js";"249";"Toutes couches";"All layers"
"js/30-ports.js";"250";"Non classé";"Unclassified"
"js/30-ports.js";"252";"⬇ CSV";""
"js/30-ports.js";"252";"Seulement les chaînes incomplètes";"Incomplete chains only"
"js/30-ports.js";"254";"⬇ CSV";""
"js/30-ports.js";"266";"Contrôle";"Check"
"js/30-ports.js";"266";"Élément";"Element"
"js/30-ports.js";"266";"Détail";"Detail"
"js/30-ports.js";"266";"Complément";"Complement"
"js/30-ports.js";"270";"Couche";"Layer"
"js/30-ports.js";"270";"Fonction";"Function"
"js/30-ports.js";"270";"Function Port";""
"js/30-ports.js";"270";"Direction";""
"js/30-ports.js";"270";"Functional Exchanges";""
"js/30-ports.js";"270";"Composant";"Component"
"js/30-ports.js";"270";"Component Port";""
"js/30-ports.js";"270";"Orientation";""
"js/30-ports.js";"270";"Component Exchanges";""
"js/30-ports.js";"270";"Physical Ports";""
"js/30-ports.js";"270";"Physical Links";""
"js/30-ports.js";"270";"Incomplet";"Incomplete"
"js/31-analyses-traca-capacites.js";"11";"Fonctions / activités";"Functions / activities"
"js/31-analyses-traca-capacites.js";"12";"Composants / acteurs";"Components / actors"
"js/31-analyses-traca-capacites.js";"13";"Functional Exchanges";""
"js/31-analyses-traca-capacites.js";"14";"Component Exchanges";""
"js/31-analyses-traca-capacites.js";"15";"Physical Links";""
"js/31-analyses-traca-capacites.js";"16";"Ports";""
"js/31-analyses-traca-capacites.js";"17";"Capacités / missions";"Capabilities / missions"
"js/31-analyses-traca-capacites.js";"18";"Chaînes / processus";"Chains / processes"
"js/31-analyses-traca-capacites.js";"19";"Scénarios";"Scenarios"
"js/31-analyses-traca-capacites.js";"20";"États, modes, transitions";"States, modes, transitions"
"js/31-analyses-traca-capacites.js";"21";"Données / Exchange Items";"Data / Exchange Items"
"js/31-analyses-traca-capacites.js";"145";"Catégorie";"Category"
"js/31-analyses-traca-capacites.js";"148";"Aucun lien de réalisation entre couches dans ce modèle.";"No realization link between layers in this model."
"js/31-analyses-traca-capacites.js";"158";"800 lignes affichées sur";"800 rows displayed out of"
"js/31-analyses-traca-capacites.js";"158";"— export CSV pour tout voir.";"— export to CSV to see everything."
"js/31-analyses-traca-capacites.js";"158";"Calcul limité à 3000 chemins.";"Computation limited to 3000 paths."
"js/31-analyses-traca-capacites.js";"163";"Type de lien Réalisant (bas) Type Réalisé (haut) Type";"Link type Realizing (lower) Type Realized (upper) Type"
"js/31-analyses-traca-capacites.js";"165";"1000 liens affichés sur";"1000 links displayed out of"
"js/31-analyses-traca-capacites.js";"165";"— export CSV pour tout voir.";"— export to CSV to see everything."
"js/31-analyses-traca-capacites.js";"168";"▦ Couverture";"▦ Coverage"
"js/31-analyses-traca-capacites.js";"169";"⛓ Chemins de traçabilité";"⛓ Traceability paths"
"js/31-analyses-traca-capacites.js";"170";"🔗 Liens (";"🔗 Links ("
"js/31-analyses-traca-capacites.js";"173";"Fonctions feuilles";"Leaf functions"
"js/31-analyses-traca-capacites.js";"174";"Inclure les TransfoLink ⬇ CSV";"Include TransfoLinks ⬇ CSV"
"js/31-analyses-traca-capacites.js";"186";"✔ RAS";"✔ Nothing to report"
"js/31-analyses-traca-capacites.js";"188";"non réalisés en";"not realized in"
"js/31-analyses-traca-capacites.js";"189";"ne réalisant rien en";"realizing nothing in"
"js/31-analyses-traca-capacites.js";"196";"réalisé";"realized"
"js/31-analyses-traca-capacites.js";"196";"NON réalisé";"NOT realized"
"js/31-analyses-traca-capacites.js";"197";"réalisant";"realizing"
"js/31-analyses-traca-capacites.js";"197";"ne réalise rien";"realizes nothing"
"js/31-analyses-traca-capacites.js";"199";"Catégorie";"Category"
"js/31-analyses-traca-capacites.js";"199";"Passage";"Transition"
"js/31-analyses-traca-capacites.js";"199";"Niveau";"Level"
"js/31-analyses-traca-capacites.js";"199";"Élément";"Element"
"js/31-analyses-traca-capacites.js";"199";"Type";""
"js/31-analyses-traca-capacites.js";"199";"Statut";"Status"
"js/31-analyses-traca-capacites.js";"202";"Type de lien";"Link type"
"js/31-analyses-traca-capacites.js";"202";"Couche réalisant";"Realizing layer"
"js/31-analyses-traca-capacites.js";"202";"Réalisant";"Realizing"
"js/31-analyses-traca-capacites.js";"202";"Type";""
"js/31-analyses-traca-capacites.js";"202";"Couche réalisé";"Realized layer"
"js/31-analyses-traca-capacites.js";"202";"Réalisé";"Realized"
"js/31-analyses-traca-capacites.js";"207";"Capability";""
"js/31-analyses-traca-capacites.js";"207";"Mission";""
"js/31-analyses-traca-capacites.js";"261";"Aucune capacité ni mission dans ce modèle.";"No capability or mission in this model."
"js/31-analyses-traca-capacites.js";"268";"acteur(s)/composant(s) ▶";"actor(s)/component(s) ▶"
"js/31-analyses-traca-capacites.js";"268";"capacité(s) ·";"capability(ies) ·"
"js/31-analyses-traca-capacites.js";"268";"fonction(s) ·";"function(s) ·"
"js/31-analyses-traca-capacites.js";"268";"chaîne(s) ·";"chain(s) ·"
"js/31-analyses-traca-capacites.js";"268";"scénario(s) ·";"scenario(s) ·"
"js/31-analyses-traca-capacites.js";"271";"Capacités exploitées";"Exploited capabilities"
"js/31-analyses-traca-capacites.js";"271";"∅ aucune";"∅ none"
"js/31-analyses-traca-capacites.js";"271";"Fonctions impliquées";"Involved functions"
"js/31-analyses-traca-capacites.js";"272";"Chaînes impliquées";"Involved chains"
"js/31-analyses-traca-capacites.js";"272";"∅ aucune";"∅ none"
"js/31-analyses-traca-capacites.js";"273";"Scénarios";"Scenarios"
"js/31-analyses-traca-capacites.js";"274";"Inclut / étend / spécialise";"Includes / extends / specializes"
"js/31-analyses-traca-capacites.js";"275";"Exploitée par les missions";"Exploited by missions"
"js/31-analyses-traca-capacites.js";"276";"Réalise (couche haute)";"Realizes (upper layer)"
"js/31-analyses-traca-capacites.js";"277";"Réalisée par (couche basse)";"Realized by (lower layer)"
"js/31-analyses-traca-capacites.js";"278";"Acteurs / composants impliqués";"Involved actors / components"
"js/31-analyses-traca-capacites.js";"279";"∅ aucun";"∅ none"
"js/31-analyses-traca-capacites.js";"280";"Autres implications";"Other involvements"
"js/31-analyses-traca-capacites.js";"282";"Aucune capacité ne correspond au filtre.";"No capability matches the filter."
"js/31-analyses-traca-capacites.js";"289";"Capacité ↓ /";"Capability ↓ /"
"js/31-analyses-traca-capacites.js";"289";"Fonction";"Function"
"js/31-analyses-traca-capacites.js";"289";"Chaîne";"Chain"
"js/31-analyses-traca-capacites.js";"289";"Capacité";"Capability"
"js/31-analyses-traca-capacites.js";"294";"Rien à croiser pour ce filtre.";"Nothing to cross for this filter."
"js/31-analyses-traca-capacites.js";"306";"Capacités sans fonction ni chaîne impliquée";"Capabilities without involved function or chain"
"js/31-analyses-traca-capacites.js";"306";"Rien ne décrit le comportement attendu";"Nothing describes the expected behaviour"
"js/31-analyses-traca-capacites.js";"306";"Capacité";"Capability"
"js/31-analyses-traca-capacites.js";"306";"Type";""
"js/31-analyses-traca-capacites.js";"307";"Capacités / missions sans acteur ni composant impliqué";"Capabilities / missions without involved actor or component"
"js/31-analyses-traca-capacites.js";"307";"Élément";"Element"
"js/31-analyses-traca-capacites.js";"307";"Type";""
"js/31-analyses-traca-capacites.js";"308";"Capacités sans scénario";"Capabilities without scenario"
"js/31-analyses-traca-capacites.js";"308";"Aucun scénario pour illustrer la capacité";"No scenario to illustrate the capability"
"js/31-analyses-traca-capacites.js";"308";"Capacité";"Capability"
"js/31-analyses-traca-capacites.js";"308";"Type";""
"js/31-analyses-traca-capacites.js";"309";"Capacités non réalisées à la couche inférieure";"Capabilities not realized in the lower layer"
"js/31-analyses-traca-capacites.js";"309";"Seulement si la couche inférieure contient des capacités";"Only if the lower layer contains capabilities"
"js/31-analyses-traca-capacites.js";"309";"Capacité";"Capability"
"js/31-analyses-traca-capacites.js";"309";"Type";""
"js/31-analyses-traca-capacites.js";"311";"Capacités système non exploitées par une mission";"System capabilities not exploited by a mission"
"js/31-analyses-traca-capacites.js";"311";"Seulement si le modèle contient des missions";"Only if the model contains missions"
"js/31-analyses-traca-capacites.js";"311";"Capacité";"Capability"
"js/31-analyses-traca-capacites.js";"311";"Type";""
"js/31-analyses-traca-capacites.js";"313";"Missions sans capacité exploitée";"Missions without exploited capability"
"js/31-analyses-traca-capacites.js";"313";"Mission";""
"js/31-analyses-traca-capacites.js";"313";"Type";""
"js/31-analyses-traca-capacites.js";"314";"Fonctions feuilles impliquées dans aucune capacité";"Leaf functions involved in no capability"
"js/31-analyses-traca-capacites.js";"314";"Couches où des capacités impliquent déjà des fonctions";"Layers where capabilities already involve functions"
"js/31-analyses-traca-capacites.js";"314";"Fonction";"Function"
"js/31-analyses-traca-capacites.js";"314";"Type";""
"js/31-analyses-traca-capacites.js";"319";"▣ Cartes";"▣ Cards"
"js/31-analyses-traca-capacites.js";"320";"▦ Matrice";"▦ Matrix"
"js/31-analyses-traca-capacites.js";"321";"🩺 Contrôles";"🩺 Checks"
"js/31-analyses-traca-capacites.js";"322";"Toutes (";"All ("
"js/31-analyses-traca-capacites.js";"325";"× Acteurs / composants";"× Actors / components"
"js/31-analyses-traca-capacites.js";"325";"× Fonctions";"× Functions"
"js/31-analyses-traca-capacites.js";"325";"× Chaînes";"× Chains"
"js/31-analyses-traca-capacites.js";"325";"Missions × capacités";"Missions × capabilities"
"js/31-analyses-traca-capacites.js";"326";"⬇ CSV";""
"js/31-analyses-traca-capacites.js";"336";"Couche";"Layer"
"js/31-analyses-traca-capacites.js";"336";"Capacité";"Capability"
"js/31-analyses-traca-capacites.js";"337";"Couche";"Layer"
"js/31-analyses-traca-capacites.js";"337";"Type";""
"js/31-analyses-traca-capacites.js";"337";"Nom";"Name"
"js/31-analyses-traca-capacites.js";"337";"Fonctions";"Functions"
"js/31-analyses-traca-capacites.js";"337";"Chaînes";"Chains"
"js/31-analyses-traca-capacites.js";"337";"Acteurs / composants";"Actors / components"
"js/31-analyses-traca-capacites.js";"337";"Scénarios";"Scenarios"
"js/31-analyses-traca-capacites.js";"337";"Inclusions";""
"js/31-analyses-traca-capacites.js";"337";"Missions";""
"js/31-analyses-traca-capacites.js";"337";"Réalise";"Realizes"
"js/31-analyses-traca-capacites.js";"337";"Réalisée par";"Realized by"
"js/31-analyses-traca-capacites.js";"337";"Capacités exploitées";"Exploited capabilities"
"js/32-analyses-etats-comparaison.js";"43";"State Machine";""
"js/32-analyses-etats-comparaison.js";"75";"Machine vide.";"Empty machine."
"js/32-analyses-etats-comparaison.js";"113";"· dans";" · in "
"js/32-analyses-etats-comparaison.js";"113";"fonction(s) disponible(s)";"available function(s)"
"js/32-analyses-etats-comparaison.js";"144";"Aucune machine à états dans ce modèle.";"No state machine in this model."
"js/32-analyses-etats-comparaison.js";"152";"mode(s) ·";"mode(s) ·"
"js/32-analyses-etats-comparaison.js";"152";"état(s) ·";"state(s) ·"
"js/32-analyses-etats-comparaison.js";"152";"transition(s)";""
"js/32-analyses-etats-comparaison.js";"152";"▶ États et modes (";"▶ States and modes ("
"js/32-analyses-etats-comparaison.js";"156";") Nom Type Parent Entry / Do / Exit Fonctions disponibles";") Name Type Parent Entry / Do / Exit Available functions"
"js/32-analyses-etats-comparaison.js";"157";"Transitions (";""
"js/32-analyses-etats-comparaison.js";"158";") Source Cible Déclencheur Garde Effet";") Source Target Trigger Guard Effect"
"js/32-analyses-etats-comparaison.js";"168";"Fonctions disponibles dans chaque état ou mode (attribut availableInStates ). Fonction ↓ / État →";"Functions available in each state or mode ( availableInStates attribute). Function ↓ / State →"
"js/32-analyses-etats-comparaison.js";"171";"Aucune fonction n'utilise la disponibilité par état (availableInStates) dans ce modèle.";"No function uses availability by state (availableInStates) in this model."
"js/32-analyses-etats-comparaison.js";"184";"Régions sans état initial";"Regions without initial state"
"js/32-analyses-etats-comparaison.js";"184";"Région de plusieurs états sans InitialPseudoState";"Region of several states without InitialPseudoState"
"js/32-analyses-etats-comparaison.js";"184";"Machine";""
"js/32-analyses-etats-comparaison.js";"184";"Premier état de la région";"First state of the region"
"js/32-analyses-etats-comparaison.js";"185";"États ou modes inatteignables";"Unreachable states or modes"
"js/32-analyses-etats-comparaison.js";"185";"Aucune transition entrante depuis un autre état";"No incoming transition from another state"
"js/32-analyses-etats-comparaison.js";"185";"Machine";""
"js/32-analyses-etats-comparaison.js";"185";"État";"State"
"js/32-analyses-etats-comparaison.js";"186";"États ou modes sans transition sortante";"States or modes without outgoing transition"
"js/32-analyses-etats-comparaison.js";"186";"Peut être voulu (état terminal) : à vérifier";"May be intended (final state): to check"
"js/32-analyses-etats-comparaison.js";"186";"Machine";""
"js/32-analyses-etats-comparaison.js";"186";"État";"State"
"js/32-analyses-etats-comparaison.js";"187";"Transitions sans déclencheur, description ni garde";"Transitions without trigger, description or guard"
"js/32-analyses-etats-comparaison.js";"187";"Machine";""
"js/32-analyses-etats-comparaison.js";"187";"Transition";""
"js/32-analyses-etats-comparaison.js";"189";"Fonctions feuilles disponibles dans aucun état";"Leaf functions available in no state"
"js/32-analyses-etats-comparaison.js";"189";"Couches qui utilisent availableInStates";"Layers that use availableInStates"
"js/32-analyses-etats-comparaison.js";"189";"Fonction";"Function"
"js/32-analyses-etats-comparaison.js";"189";"Couche";"Layer"
"js/32-analyses-etats-comparaison.js";"194";"◈ Machines à états (";"◈ State machines ("
"js/32-analyses-etats-comparaison.js";"195";"▦ Fonctions × états";"▦ Functions × states"
"js/32-analyses-etats-comparaison.js";"196";"🩺 Contrôles";"🩺 Checks"
"js/32-analyses-etats-comparaison.js";"197";"Toutes";"All"
"js/32-analyses-etats-comparaison.js";"198";"⬇ CSV";""
"js/32-analyses-etats-comparaison.js";"211";"Couche";"Layer"
"js/32-analyses-etats-comparaison.js";"211";"Fonction";"Function"
"js/32-analyses-etats-comparaison.js";"215";"Couche";"Layer"
"js/32-analyses-etats-comparaison.js";"215";"Propriétaire";"Owner"
"js/32-analyses-etats-comparaison.js";"215";"Machine";""
"js/32-analyses-etats-comparaison.js";"215";"Source";""
"js/32-analyses-etats-comparaison.js";"215";"Cible";"Target"
"js/32-analyses-etats-comparaison.js";"215";"Déclencheur";"Trigger"
"js/32-analyses-etats-comparaison.js";"215";"Garde";"Guard"
"js/32-analyses-etats-comparaison.js";"215";"Effet";"Effect"
"js/32-analyses-etats-comparaison.js";"272";"propriétaire";"owner"
"js/32-analyses-etats-comparaison.js";"284";"modèle chargé";"loaded model"
"js/32-analyses-etats-comparaison.js";"286";"Ancienne version (référence)";"Old version (reference)"
"js/32-analyses-etats-comparaison.js";"288";"⇄ Nouvelle version";"⇄ New version"
"js/32-analyses-etats-comparaison.js";"290";"Changer la version à comparer…";"Change the version to compare…"
"js/32-analyses-etats-comparaison.js";"290";"Charger une autre version (.capella)…";"Load another version (.capella)…"
"js/32-analyses-etats-comparaison.js";"301";"Ajoutés";"Added"
"js/32-analyses-etats-comparaison.js";"301";"Supprimés";"Deleted"
"js/32-analyses-etats-comparaison.js";"301";"Modifiés";"Modified"
"js/32-analyses-etats-comparaison.js";"301";"Déplacés";"Moved"
"js/32-analyses-etats-comparaison.js";"320";"changement(s)";""
"js/32-analyses-etats-comparaison.js";"321";"Propriété Avant Après";"Property Before After"
"js/32-analyses-etats-comparaison.js";"326";"Tous (";"All ("
"js/32-analyses-etats-comparaison.js";"327";"Toutes couches";"All layers"
"js/32-analyses-etats-comparaison.js";"329";"Tous types";"All types"
"js/32-analyses-etats-comparaison.js";"329";"Hors couche";"No layer"
"js/32-analyses-etats-comparaison.js";"331";"⬇ CSV";""
"js/32-analyses-etats-comparaison.js";"334";"Synthèse par type (";"Summary by type ("
"js/32-analyses-etats-comparaison.js";"334";") Type ➕ ➖ ✎";""
"js/32-analyses-etats-comparaison.js";"335";"Statut Couche Type Élément Détail";"Status Layer Type Element Detail"
"js/32-analyses-etats-comparaison.js";"337";"lignes affichées sur";"rows displayed out of"
"js/32-analyses-etats-comparaison.js";"337";"— filtrez ou exportez en CSV.";"— filter or export to CSV."
"js/32-analyses-etats-comparaison.js";"338";"✔ Les deux versions sont identiques (au niveau des éléments identifiés).";"✔ Both versions are identical (at the level of identified elements)."
"js/32-analyses-etats-comparaison.js";"346";"Fichier XML invalide";"Invalid XML file"
"js/32-analyses-etats-comparaison.js";"358";"Ajouté";"Added"
"js/32-analyses-etats-comparaison.js";"358";"Supprimé";"Deleted"
"js/32-analyses-etats-comparaison.js";"358";"Modifié";"Modified"
"js/32-analyses-etats-comparaison.js";"358";"(déplacé)";"(moved)"
"js/32-analyses-etats-comparaison.js";"361";"Statut";"Status"
"js/32-analyses-etats-comparaison.js";"361";"Couche";"Layer"
"js/32-analyses-etats-comparaison.js";"361";"Type";""
"js/32-analyses-etats-comparaison.js";"361";"Élément";"Element"
"js/32-analyses-etats-comparaison.js";"361";"Propriété";"Property"
"js/32-analyses-etats-comparaison.js";"361";"Avant";"Before"
"js/32-analyses-etats-comparaison.js";"361";"Après";"After"
"js/33-qualite-noms.js";"42";"» : forme en -ing — préférer la forme de base (ex. «";"»: -ing form — prefer the base form (e.g. «"
"js/33-qualite-noms.js";"43";"contrôle";""
"js/33-qualite-noms.js";"43";"» : nom d'action en tête — préférer un verbe (";"»: action noun first — prefer a verb ("
"js/33-qualite-noms.js";"43";"forme de base";"base form"
"js/33-qualite-noms.js";"44";"» : le nom ne commence pas par un verbe";"»: the name does not start with a verb"
"js/33-qualite-noms.js";"44";"à l'infinitif";"in the infinitive"
"js/33-qualite-noms.js";"44";"(forme de base)";"(base form)"
"js/33-qualite-noms.js";"45";"» : verbe peu précis";"»: vague verb"
"js/33-qualite-noms.js";"46";"Minuscule en tête";"Lowercase first letter"
"js/33-qualite-noms.js";"47";"Espaces superflus";"Extra spaces"
"js/33-qualite-noms.js";"48";"Ponctuation finale";"Trailing punctuation"
"js/33-qualite-noms.js";"49";"Nom long (";"Long name ("
"js/33-qualite-noms.js";"49";"mots,";""
"js/33-qualite-noms.js";"49";"car.)";""
"js/33-qualite-noms.js";"50";"Un seul mot : objet de l'action absent";"Single word: object of the action missing"
"js/34-fonctions.js";"120";"Fonction";"Function"
"js/34-fonctions.js";"120";"Détail";"Detail"
"js/34-fonctions.js";"130";"Noms ne commençant pas par un verbe";"Names not starting with a verb"
"js/34-fonctions.js";"130";"Infinitif en français (« Afficher… »), forme de base en anglais (« Display… »)";"Infinitive in French (« Afficher… »), base form in English (« Display… »)"
"js/34-fonctions.js";"131";"Verbes peu précis en tête du nom";"Vague verbs at the start of the name"
"js/34-fonctions.js";"131";"Gérer, traiter, effectuer, manage, handle, process…";"Gérer, traiter, effectuer, manage, handle, process…"
"js/34-fonctions.js";"132";"Présentation des noms";"Name presentation"
"js/34-fonctions.js";"132";"Minuscule en tête, espaces superflus, ponctuation finale";"Lowercase first letter, extra spaces, trailing punctuation"
"js/34-fonctions.js";"133";"Noms trop longs ou d'un seul mot";"Names too long or single-word"
"js/34-fonctions.js";"134";"Langue minoritaire dans la couche";"Minority language in the layer"
"js/34-fonctions.js";"134";"Nom dans une autre langue que la majorité des fonctions de sa couche";"Name in a different language from most functions of its layer"
"js/34-fonctions.js";"134";"Langue détectée :";"Detected language:"
"js/34-fonctions.js";"138";"Fonctions sans description";"Functions without description"
"js/34-fonctions.js";"139";"Descriptions trop courtes ou identiques au nom";"Descriptions too short or identical to the name"
"js/34-fonctions.js";"139";"Moins de 20 caractères, ou répète le nom";"Fewer than 20 characters, or repeats the name"
"js/34-fonctions.js";"141";"Marqueurs de travail en cours (TODO, TBD, NOT DONE…)";"Work-in-progress markers (TODO, TBD, NOT DONE…)"
"js/34-fonctions.js";"142";"Noms en double dans une même couche";"Duplicate names within a layer"
"js/34-fonctions.js";"143";"Fonctions feuilles non allouées";"Unallocated leaf functions"
"js/34-fonctions.js";"143";"Couches où des allocations existent";"Layers where allocations exist"
"js/34-fonctions.js";"145";"Fonctions allouées à plusieurs composants";"Functions allocated to several components"
"js/34-fonctions.js";"146";"Fonctions mères allouées";"Allocated parent functions"
"js/34-fonctions.js";"146";"L'allocation porte en principe sur les feuilles";"Allocation normally applies to leaves"
"js/34-fonctions.js";"147";"Fonctions feuilles sans aucun échange";"Leaf functions without any exchange"
"js/34-fonctions.js";"148";"Échanges portés par des fonctions mères";"Exchanges carried by parent functions"
"js/34-fonctions.js";"148";"Les échanges relient en principe des feuilles";"Exchanges normally connect leaves"
"js/34-fonctions.js";"148";"entrant(s),";""
"js/34-fonctions.js";"148";"sortant(s)";""
"js/34-fonctions.js";"149";"Ports de fonction sans échange";"Function ports without exchange"
"js/34-fonctions.js";"150";"Fonctions feuilles non réalisées à la couche inférieure";"Leaf functions not realized in the lower layer"
"js/34-fonctions.js";"150";"Seulement si la couche inférieure réalise déjà des fonctions";"Only if the lower layer already realizes functions"
"js/34-fonctions.js";"152";"Fonctions feuilles ne réalisant rien à la couche supérieure";"Leaf functions realizing nothing in the upper layer"
"js/34-fonctions.js";"152";"Seulement si la couche réalise déjà des fonctions";"Only if the layer already realizes functions"
"js/34-fonctions.js";"182";"Système";"System"
"js/34-fonctions.js";"182";"Allouées à un composant du système (en OA : à une entité non acteur)";""
"js/34-fonctions.js";"183";"Acteurs";""
"js/34-fonctions.js";"183";"Acteur";"Actor"
"js/34-fonctions.js";"183";"Allouées à un acteur externe";""
"js/34-fonctions.js";"184";"Non allouées";""
"js/34-fonctions.js";"184";"Non allouée";""
"js/34-fonctions.js";"184";"Fonctions feuilles allouées à aucun composant ni acteur";""
"js/34-fonctions.js";"185";"Système + acteur";""
"js/34-fonctions.js";"185";"— (fonction mère)";""
"js/34-fonctions.js";"185";"var(--c-border)";""
"js/34-fonctions.js";"191";"Aucune fonction dans ce modèle.";"No function in this model."
"js/34-fonctions.js";"223";"Tous les allocataires";""
"js/34-fonctions.js";"232";"Sélectionnez une fonction dans l'arbre pour afficher sa fiche.";"Select a function in the tree to display its sheet."
"js/34-fonctions.js";"239";"Statut :";"<div class=""ana-dim"">Status: <b>"
"js/34-fonctions.js";"240";"Aucune description.";"No description."
"js/34-fonctions.js";"241";"Sous-fonctions (";"Sub-functions ("
"js/34-fonctions.js";"241";"Résumé :";"<div class=""ana-dim"" style=""margin:-4px 0 8px""><b>Summary:</b> "
"js/34-fonctions.js";"243";"Allouée à";"Allocated to"
"js/34-fonctions.js";"243";"— feuille";"— leaf"
"js/34-fonctions.js";"244";"Ports";"Ports"
"js/34-fonctions.js";"245";"entrée(s) ·";"input(s) ·"
"js/34-fonctions.js";"245";"sortie(s)";"output(s)"
"js/34-fonctions.js";"245";"Échanges entrants (";"Incoming exchanges ("
"js/34-fonctions.js";"245";"· sans échange :";"· without exchange:"
"js/34-fonctions.js";"246";"Échanges sortants (";"Outgoing exchanges ("
"js/34-fonctions.js";"247";"Chaînes";"Chains"
"js/34-fonctions.js";"248";"Capacités";"Capabilities"
"js/34-fonctions.js";"250";"⬆ Réalise (couches supérieures)";"⬆ Realizes (upper layers)"
"js/34-fonctions.js";"250";"Disponible dans";"Available in"
"js/34-fonctions.js";"253";"⬇ Réalisée par (couches inférieures)";"⬇ Realized by (lower layers)"
"js/34-fonctions.js";"263";"Aucune fonction ne correspond aux filtres.";""
"js/34-fonctions.js";"269";"🧩 non allouée";"🧩 not allocated"
"js/34-fonctions.js";"270";"échanges ←";"exchanges ←"
"js/34-fonctions.js";"271";"⬆ réalise";"⬆ realizes"
"js/34-fonctions.js";"272";"⬇ réalisée par";"⬇ realized by"
"js/34-fonctions.js";"273";"sans description";"no description"
"js/34-fonctions.js";"274";"nom à revoir";"name to review"
"js/34-fonctions.js";"288";"Fonction";"Function"
"js/34-fonctions.js";"288";"sous-fonction(s)"" ▸";"sub-function(s)"" ▸"
"js/34-fonctions.js";"289";"Type";""
"js/34-fonctions.js";"290";"Qualité du nom";"Name quality"
"js/34-fonctions.js";"291";"✔ conforme";""
"js/34-fonctions.js";"292";"Description";""
"js/34-fonctions.js";"292";"∅ aucune description";"∅ no description"
"js/34-fonctions.js";"293";"Allouée à (composant)";"Allocated to (component)"
"js/34-fonctions.js";"293";"∅ non allouée";"∅ not allocated"
"js/34-fonctions.js";"294";"Sous-système";""
"js/34-fonctions.js";"295";"Nature de l'allocation";""
"js/34-fonctions.js";"295";"— mère";""
"js/34-fonctions.js";"296";"Échanges (entrants / sortants)";"Exchanges (incoming / outgoing)"
"js/34-fonctions.js";"296";"entrant(s) /";"incoming /"
"js/34-fonctions.js";"296";"sortant(s)";""
"js/34-fonctions.js";"297";"entr. · →";" in · → "
"js/34-fonctions.js";"297";"sort.";""
"js/34-fonctions.js";"297";"Entrants :";"Incoming: "
"js/34-fonctions.js";"297";"Sortants :";"Outgoing: "
"js/34-fonctions.js";"298";"Réalise (couche supérieure)";"Realizes (upper layer)"
"js/34-fonctions.js";"299";"Réalisée par (couche inférieure)";"Realized by (lower layer)"
"js/34-fonctions.js";"300";"Chaînes fonctionnelles";"Functional chains"
"js/34-fonctions.js";"301";"Capacités";"Capabilities"
"js/34-fonctions.js";"302";"Niveau";"Level"
"js/34-fonctions.js";"303";"Statut";"Status"
"js/34-fonctions.js";"304";"Disponible dans (états)";"Available in (states)"
"js/34-fonctions.js";"333";"Toutes";"All"
"js/34-fonctions.js";"333";"Feuilles";"Leaves"
"js/34-fonctions.js";"333";"Nom à revoir";"Name to review"
"js/34-fonctions.js";"333";"Sans description";"No description"
"js/34-fonctions.js";"333";"Feuilles non allouées";"Unallocated leaves"
"js/34-fonctions.js";"333";"Feuilles non tracées";"Untraced leaves"
"js/34-fonctions.js";"334";"⊞ Colonnes ▾";""
"js/34-fonctions.js";"337";"Descriptions complètes";""
"js/34-fonctions.js";"338";"À plat ↺ Réinitialiser";""
"js/34-fonctions.js";"339";"📋 Copier aucune sélection 🌐 HTML (tableau)";""
"js/34-fonctions.js";"342";"fonction(s)";"function(s)"
"js/34-fonctions.js";"346";"1500 lignes affichées sur";"1500 rows displayed out of"
"js/34-fonctions.js";"350";"sélectionnée";" selected"
"js/34-fonctions.js";"350";"aucune sélection";""
"js/34-fonctions.js";"357";"cellule(s) copiée(s)";""
"js/34-fonctions.js";"374";"↑ Trier de A à Z ↓ Trier de Z à A";""
"js/34-fonctions.js";"375";"✕ Effacer le filtre de «";""
"js/34-fonctions.js";"375";"» OK Annuler";""
"js/34-fonctions.js";"381";"(vides)";""
"js/34-fonctions.js";"383";"(Tout sélectionner";""
"js/34-fonctions.js";"383";"— résultats";""
"js/34-fonctions.js";"384";"(Vides)";""
"js/34-fonctions.js";"412";"fonction(s)";"function(s)"
"js/34-fonctions.js";"444";"allocation :";""
"js/34-fonctions.js";"444";"allocataire «";""
"js/34-fonctions.js";"444";"» (sous-composants compris)";""
"js/34-fonctions.js";"444";"recherche «";"search «"
"js/34-fonctions.js";"446";"(vides)";""
"js/34-fonctions.js";"451";"ƒ Fonctions — tableau";"ƒ Functions — table"
"js/34-fonctions.js";"451";"fonction(s)";"function(s)"
"js/34-fonctions.js";"451";"· filtres :";"· filters:"
"js/34-fonctions.js";"451";"Tableau";"Table"
"js/34-fonctions.js";"467";"Chaque ligne suit une fonction de sa couche la plus haute jusqu'aux fonctions qui la réalisent. ∅ = rupture de traçabilité.";"Each row follows a function from its highest layer down to the functions realizing it. ∅ = traceability break."
"js/34-fonctions.js";"470";"800 lignes affichées sur";"800 rows displayed out of"
"js/34-fonctions.js";"470";"— export CSV pour tout voir.";"— export to CSV to see everything."
"js/34-fonctions.js";"475";"Fonctions";"Functions"
"js/34-fonctions.js";"475";"Fonctions feuilles (sans sous-fonction)";"Leaf functions (no sub-function)"
"js/34-fonctions.js";"475";"Profondeur maximale de la hiérarchie";"Maximum hierarchy depth"
"js/34-fonctions.js";"476";"Sous-fonctions par fonction mère (moyenne)";"Sub-functions per parent function (average)"
"js/34-fonctions.js";"476";"Functional Exchanges";""
"js/34-fonctions.js";"477";"Fonctions avec description";"Functions with description"
"js/34-fonctions.js";"477";"Noms commençant par un verbe";"Names starting with a verb"
"js/34-fonctions.js";"477";"Feuilles allouées à un composant";"Leaves allocated to a component"
"js/34-fonctions.js";"477";"Feuilles reliées par au moins un échange";"Leaves connected by at least one exchange"
"js/34-fonctions.js";"478";"Feuilles réalisées à la couche inférieure";"Leaves realized in the lower layer"
"js/34-fonctions.js";"478";"Feuilles réalisant une fonction de la couche supérieure";"Leaves realizing a function of the upper layer"
"js/34-fonctions.js";"479";"Feuilles impliquées dans une chaîne";"Leaves involved in a chain"
"js/34-fonctions.js";"479";"Feuilles impliquées dans une capacité";"Leaves involved in a capability"
"js/34-fonctions.js";"479";"Fonctions allouées à plusieurs composants";"Functions allocated to several components"
"js/34-fonctions.js";"500";"(elle passe à gauche)"" ◂";"(it moves to the left)"" ◂"
"js/34-fonctions.js";"503";"Indicateur";"Indicator"
"js/34-fonctions.js";"507";"◂ dans l'en-tête : réduire une couche (elle passe à gauche, ▸ pour la déplier). Les exports ne gardent que les couches dépliées.";"◂ in the header: collapse a layer (it moves to the left, ▸ to expand it). Exports keep only expanded layers."
"js/34-fonctions.js";"508";"🌐 HTML (indicateurs) 🖼 PNG 📋 Copier l'image";"🌐 HTML (indicators) 🖼 PNG 📋 Copy image"
"js/34-fonctions.js";"508";"⇔ Tout déplier";"⇔ Expand all"
"js/34-fonctions.js";"514";"n/a : la couche voisine ne contient aucun lien de réalisation, l'indicateur n'aurait pas de sens. Répartition des fonctions par niveau de profondeur";"n/a: the neighbouring layer contains no realization link, the indicator would be meaningless. Distribution of functions by depth level"
"js/34-fonctions.js";"517";"Niveau";"Level"
"js/34-fonctions.js";"518";"· niveau";"· level"
"js/34-fonctions.js";"518";"(racine)";"(root)"
"js/34-fonctions.js";"519";"Fonctions les plus connectées (échanges entrants + sortants)";"Most connected functions (incoming + outgoing exchanges)"
"js/34-fonctions.js";"519";"· niveau";"· level"
"js/34-fonctions.js";"519";"fonction(s)";"function(s)"
"js/34-fonctions.js";"530";"Segoe UI, Arial, sans-serif";""
"js/34-fonctions.js";"534";"Projet Capella";"Capella project"
"js/34-fonctions.js";"535";"Métriques des fonctions par couche";"Function metrics by layer"
"js/34-fonctions.js";"546";"italic 12px";""
"js/34-fonctions.js";"554";"n/a : couche voisine sans lien de réalisation · vert ≥ 90 %, orange ≥ 50 %, rouge 50 %";"n/a: neighbouring layer without realization link · green ≥ 90 %, orange ≥ 50 %, red 50 %"
"js/34-fonctions.js";"559";"7px minmax(300px,1.1fr)";""
"js/34-fonctions.js";"559";"minmax(320px,1fr)";""
"js/34-fonctions.js";"563";"⚙ Règles de nommage personnalisées Complète les listes intégrées (≈ 1 000 verbes anglais, verbes français en -er/-ir/-re/-oir). Un mot par ligne ou séparés par des virgules. Conservées dans la 💾 Page HTML. Verbes métier acceptés en tête";""
"js/34-fonctions.js";"565";"Mots refusés en tête (faux verbes)";"Words refused at the start (false verbs)"
"js/34-fonctions.js";"566";"✔ Appliquer";"✔ Apply"
"js/34-fonctions.js";"570";"🌳 Hiérarchie";"🌳 Hierarchy"
"js/34-fonctions.js";"570";"📋 Tableau";"📋 Table"
"js/34-fonctions.js";"570";"⛓ Traçabilité";"⛓ Traceability"
"js/34-fonctions.js";"570";"📊 Métriques";"📊 Metrics"
"js/34-fonctions.js";"570";"🩺 Contrôles";"🩺 Checks"
"js/34-fonctions.js";"571";"Toutes";"All"
"js/34-fonctions.js";"573";"Descriptions";""
"js/34-fonctions.js";"576";"Allocation";""
"js/34-fonctions.js";"576";"— double-clic : uniquement celles-ci";""
"js/34-fonctions.js";"577";"⬇ CSV 📄 Dossier fonctionnel";""
"js/34-fonctions.js";"577";"fonction(s)";"function(s)"
"js/34-fonctions.js";"587";"px 7px minmax(300px,1.1fr)";""
"js/34-fonctions.js";"623";"📊 Métriques des fonctions";"📊 Function metrics"
"js/34-fonctions.js";"623";"couches :";"layers: "
"js/34-fonctions.js";"623";"Indicateurs";"Indicators"
"js/34-fonctions.js";"628";"✔ Image copiée";"✔ Image copied"
"js/34-fonctions.js";"629";"⚠ Copie refusée — utilisez PNG";"⚠ Copy refused — use PNG"
"js/34-fonctions.js";"630";"📋 Copier l'image";"📋 Copy image"
"js/34-fonctions.js";"636";"Contrôle";"Check"
"js/34-fonctions.js";"636";"Fonction";"Function"
"js/34-fonctions.js";"636";"Détail";"Detail"
"js/34-fonctions.js";"639";"Couche";"Layer"
"js/34-fonctions.js";"639";"Fonction";"Function"
"js/34-fonctions.js";"639";"Type";""
"js/34-fonctions.js";"639";"Kind";""
"js/34-fonctions.js";"639";"Profondeur";"Depth"
"js/34-fonctions.js";"639";"Feuille";"Leaf"
"js/34-fonctions.js";"639";"Parent";""
"js/34-fonctions.js";"639";"Allouée à";"Allocated to"
"js/34-fonctions.js";"639";"Nature de l'allocation";""
"js/34-fonctions.js";"639";"Échanges entrants";"Incoming exchanges"
"js/34-fonctions.js";"639";"Échanges sortants";"Outgoing exchanges"
"js/34-fonctions.js";"639";"Réalise";"Realizes"
"js/34-fonctions.js";"639";"Réalisée par";"Realized by"
"js/34-fonctions.js";"639";"Chaînes";"Chains"
"js/34-fonctions.js";"639";"Capacités";"Capabilities"
"js/34-fonctions.js";"639";"États";"States"
"js/34-fonctions.js";"639";"Statut";"Status"
"js/34-fonctions.js";"639";"Description";""
"js/34-fonctions.js";"655";"sous-fonction(s)";"sub-function(s)"
"js/34-fonctions.js";"656";"Aucune description.";"No description."
"js/34-fonctions.js";"658";"Allouée à";"Allocated to"
"js/34-fonctions.js";"659";"Entrées";"Inputs"
"js/34-fonctions.js";"660";"Sorties";"Outputs"
"js/34-fonctions.js";"661";"Réalise";"Realizes"
"js/34-fonctions.js";"662";"Réalisée par";"Realized by"
"js/34-fonctions.js";"663";"Chaînes";"Chains"
"js/34-fonctions.js";"664";"Capacités";"Capabilities"
"js/34-fonctions.js";"665";"Disponible dans";"Available in"
"js/34-fonctions.js";"667";"📊 Métriques";"📊 Metrics"
"js/34-fonctions.js";"668";"🩺 Contrôles";"🩺 Checks"
"js/34-fonctions.js";"669";"Capella";""
"js/34-fonctions.js";"670";"ƒ Dossier fonctionnel";"ƒ Functional dossier"
"js/34-fonctions.js";"670";"- dossier fonctionnel.html";"- functional dossier.html"
"js/34-fonctions.js";"688";"ƒ Fonctions";"ƒ Functions"
"js/34-fonctions.js";"688";"🧬 Traçabilité inter-couches";"🧬 Cross-layer traceability"
"js/34-fonctions.js";"688";"🎯 Capacités & missions";"🎯 Capabilities & missions"
"js/34-fonctions.js";"688";"🔁 Modes & états";"🔁 Modes & states"
"js/34-fonctions.js";"688";"⚖ Comparaison de versions";"⚖ Version comparison"
"js/34-fonctions.js";"690";"↻ Recalculer";"↻ Recompute"
"js/35-tableau-de-bord.js";"9";"Indicateur chiffré";""
"js/35-tableau-de-bord.js";"10";"Indicateur chiffré";""
"js/35-tableau-de-bord.js";"10";"Jauge";""
"js/35-tableau-de-bord.js";"11";"Barres horizontales";""
"js/35-tableau-de-bord.js";"11";"Barres verticales";""
"js/35-tableau-de-bord.js";"11";"Anneau";""
"js/35-tableau-de-bord.js";"11";"Tableau";"Table"
"js/35-tableau-de-bord.js";"11";"Total";""
"js/35-tableau-de-bord.js";"12";"Barres empilées";""
"js/35-tableau-de-bord.js";"12";"Barres groupées";""
"js/35-tableau-de-bord.js";"12";"Tableau";"Table"
"js/35-tableau-de-bord.js";"13";"Tableau";"Table"
"js/35-tableau-de-bord.js";"14";"Texte libre";""
"js/35-tableau-de-bord.js";"16";"répartition";""
"js/35-tableau-de-bord.js";"16";"croisé";""
"js/35-tableau-de-bord.js";"53";"mdl.n";""
"js/35-tableau-de-bord.js";"53";"Éléments du modèle";""
"js/35-tableau-de-bord.js";"54";"mdl.layer";""
"js/35-tableau-de-bord.js";"54";"Éléments du modèle par couche";""
"js/35-tableau-de-bord.js";"54";"Shared";""
"js/35-tableau-de-bord.js";"54";"Transverse";"Cross-layer"
"js/35-tableau-de-bord.js";"55";"mdl.types";""
"js/35-tableau-de-bord.js";"55";"Types d'éléments les plus représentés";""
"js/35-tableau-de-bord.js";"56";"mdl.rels";""
"js/35-tableau-de-bord.js";"56";"Relations Capella par type";""
"js/35-tableau-de-bord.js";"62";"profondeur maximale";""
"js/35-tableau-de-bord.js";"63";"taux de description";""
"js/35-tableau-de-bord.js";"63";"Fonctions (hors racine) ayant une description";""
"js/35-tableau-de-bord.js";"64";"feuilles allouées";""
"js/35-tableau-de-bord.js";"65";"feuilles avec échanges";""
"js/35-tableau-de-bord.js";"66";"feuilles tracées";""
"js/35-tableau-de-bord.js";"66";"Feuilles qui réalisent ou sont réalisées par une autre couche";""
"js/35-tableau-de-bord.js";"67";"feuilles dans une chaîne";""
"js/35-tableau-de-bord.js";"68";"feuilles dans une capacité";""
"js/35-tableau-de-bord.js";"69";"noms conformes";""
"js/35-tableau-de-bord.js";"69";"Règles de ✍ Qualité des noms";""
"js/35-tableau-de-bord.js";"70";"Fonctions —";""
"js/35-tableau-de-bord.js";"70";"(comparaison des couches)";""
"js/35-tableau-de-bord.js";"72";"Système";"System"
"js/35-tableau-de-bord.js";"72";"Acteurs";""
"js/35-tableau-de-bord.js";"72";"Système + acteur";""
"js/35-tableau-de-bord.js";"72";"Non allouées";""
"js/35-tableau-de-bord.js";"73";"Fonctions — nature de l'allocation des feuilles, par couche";""
"js/35-tableau-de-bord.js";"75";"Forme en -ing en tête";""
"js/35-tableau-de-bord.js";"75";"Nom d'action en tête";""
"js/35-tableau-de-bord.js";"75";"Pas de verbe en tête";""
"js/35-tableau-de-bord.js";"75";"Verbe vague";""
"js/35-tableau-de-bord.js";"75";"Minuscule en tête";"Lowercase first letter"
"js/35-tableau-de-bord.js";"75";"Espaces superflus";"Extra spaces"
"js/35-tableau-de-bord.js";"75";"Ponctuation finale";"Trailing punctuation"
"js/35-tableau-de-bord.js";"75";"Nom trop long";""
"js/35-tableau-de-bord.js";"75";"Un seul mot";""
"js/35-tableau-de-bord.js";"76";"Fonctions — problèmes de nommage par nature";""
"js/35-tableau-de-bord.js";"77";"fn.top";""
"js/35-tableau-de-bord.js";"77";"Fonctions les plus connectées";""
"js/35-tableau-de-bord.js";"77";"Couche";"Layer"
"js/35-tableau-de-bord.js";"77";"Fonction";"Function"
"js/35-tableau-de-bord.js";"77";"Échanges";""
"js/35-tableau-de-bord.js";"80";"Fonctions";"Functions"
"js/35-tableau-de-bord.js";"81";"Fonctions";"Functions"
"js/35-tableau-de-bord.js";"82";"Fonctions";"Functions"
"js/35-tableau-de-bord.js";"82";"— nature de l'allocation (feuilles)";""
"js/35-tableau-de-bord.js";"83";"Fonctions";"Functions"
"js/35-tableau-de-bord.js";"83";"— par allocataire";""
"js/35-tableau-de-bord.js";"84";"Fonctions";"Functions"
"js/35-tableau-de-bord.js";"84";"— par sous-système";""
"js/35-tableau-de-bord.js";"84";"Premier niveau sous le système";""
"js/35-tableau-de-bord.js";"85";"Fonctions";"Functions"
"js/35-tableau-de-bord.js";"85";"— par niveau de profondeur";""
"js/35-tableau-de-bord.js";"85";"Niveau";"Level"
"js/35-tableau-de-bord.js";"90";"Nombre de chaînes";""
"js/35-tableau-de-bord.js";"90";"vide(s)";""
"js/35-tableau-de-bord.js";"91";"ch.type";""
"js/35-tableau-de-bord.js";"91";"Chaînes par type";""
"js/35-tableau-de-bord.js";"92";"ch.layer";""
"js/35-tableau-de-bord.js";"92";"Chaînes par couche";""
"js/35-tableau-de-bord.js";"92";"Non classées";"Unclassified"
"js/35-tableau-de-bord.js";"93";"ch.empty";""
"js/35-tableau-de-bord.js";"93";"Chaînes vides / non vides";""
"js/35-tableau-de-bord.js";"93";"Non vides";""
"js/35-tableau-de-bord.js";"93";"Vides";""
"js/35-tableau-de-bord.js";"94";"ch.full";""
"js/35-tableau-de-bord.js";"94";"Chaînes non vides";""
"js/35-tableau-de-bord.js";"95";"ch.avg";""
"js/35-tableau-de-bord.js";"95";"Étapes par chaîne (moyenne)";""
"js/35-tableau-de-bord.js";"95";"chaînes non vides";""
"js/35-tableau-de-bord.js";"96";"ch.kind";""
"js/35-tableau-de-bord.js";"96";"Étapes des chaînes par nature d'allocation";""
"js/35-tableau-de-bord.js";"97";"Système";"System"
"js/35-tableau-de-bord.js";"97";"Acteurs";""
"js/35-tableau-de-bord.js";"97";"Non allouées";""
"js/35-tableau-de-bord.js";"98";"ch.top";""
"js/35-tableau-de-bord.js";"98";"Chaînes les plus longues";""
"js/35-tableau-de-bord.js";"98";"Chaîne";"Chain"
"js/35-tableau-de-bord.js";"98";"Type";""
"js/35-tableau-de-bord.js";"98";"Couche";"Layer"
"js/35-tableau-de-bord.js";"98";"Étapes";""
"js/35-tableau-de-bord.js";"98";"Échanges";""
"js/35-tableau-de-bord.js";"103";"→ Orienté";"→ Oriented"
"js/35-tableau-de-bord.js";"103";"← Inversé";"← Reversed"
"js/35-tableau-de-bord.js";"103";"⇄ Bidirectionnel";"⇄ Bidirectional"
"js/35-tableau-de-bord.js";"103";"? Non orienté";"? Not oriented"
"js/35-tableau-de-bord.js";"104";"Nombre de Component Exchanges";""
"js/35-tableau-de-bord.js";"105";"ce.kind";""
"js/35-tableau-de-bord.js";"105";"Component Exchanges par kind";""
"js/35-tableau-de-bord.js";"106";"ce.dir";""
"js/35-tableau-de-bord.js";"106";"Sens des Component Exchanges";""
"js/35-tableau-de-bord.js";"106";"⚠ Incohérent";""
"js/35-tableau-de-bord.js";"107";"ce.layer";""
"js/35-tableau-de-bord.js";"107";"Component Exchanges par couche";""
"js/35-tableau-de-bord.js";"108";"Component Exchanges avec FE alloué";""
"js/35-tableau-de-bord.js";"109";"ce.orph";""
"js/35-tableau-de-bord.js";"109";"Ports de composant orphelins";""
"js/35-tableau-de-bord.js";"109";"ComponentPort sans exchange";""
"js/35-tableau-de-bord.js";"110";"ce.papl";""
"js/35-tableau-de-bord.js";"110";"CE de couche PA sans Physical Link";""
"js/35-tableau-de-bord.js";"111";"ce.comp";""
"js/35-tableau-de-bord.js";"111";"Component Exchanges par composant";""
"js/35-tableau-de-bord.js";"115";"Nombre de Physical Links";""
"js/35-tableau-de-bord.js";"116";"pl.layer";""
"js/35-tableau-de-bord.js";"116";"Physical Links par couche";""
"js/35-tableau-de-bord.js";"117";"Physical Links portant un CE";""
"js/35-tableau-de-bord.js";"118";"pl.orph";""
"js/35-tableau-de-bord.js";"118";"Ports physiques sans lien";""
"js/35-tableau-de-bord.js";"119";"pl.nocp";""
"js/35-tableau-de-bord.js";"119";"Ports physiques sans Component Port";""
"js/35-tableau-de-bord.js";"120";"pl.comp";""
"js/35-tableau-de-bord.js";"120";"Physical Links par composant";""
"js/35-tableau-de-bord.js";"124";"Function Ports alloués à un Component Port";""
"js/35-tableau-de-bord.js";"125";"Component Ports (PA) alloués à un port physique";""
"js/35-tableau-de-bord.js";"126";"Ports physiques portant un Component Port";""
"js/35-tableau-de-bord.js";"130";"Liens de réalisation";""
"js/35-tableau-de-bord.js";"131";"tr.tab";""
"js/35-tableau-de-bord.js";"131";"Couverture de traçabilité (▼ réalisés · ▲ réalisants)";""
"js/35-tableau-de-bord.js";"134";"Catégorie";"Category"
"js/35-tableau-de-bord.js";"138";"Traçabilité —";""
"js/35-tableau-de-bord.js";"138";"par passage";""
"js/35-tableau-de-bord.js";"140";"Éléments de la couche haute réalisés par la couche basse";""
"js/35-tableau-de-bord.js";"140";"Éléments de la couche basse qui réalisent la couche haute";""
"js/35-tableau-de-bord.js";"141";"réalisés ▼";""
"js/35-tableau-de-bord.js";"141";"réalisants ▲";""
"js/35-tableau-de-bord.js";"143";"Tableau de bord : traçabilité indisponible";""
"js/35-tableau-de-bord.js";"147";"cap.n";""
"js/35-tableau-de-bord.js";"147";"Capacités et missions";""
"js/35-tableau-de-bord.js";"148";"cap.type";""
"js/35-tableau-de-bord.js";"148";"Capacités par type";""
"js/35-tableau-de-bord.js";"149";"cap.layer";""
"js/35-tableau-de-bord.js";"149";"Capacités par couche";""
"js/35-tableau-de-bord.js";"150";"cap.fn";""
"js/35-tableau-de-bord.js";"150";"Capacités décrites par des fonctions ou chaînes";""
"js/35-tableau-de-bord.js";"151";"cap.chk";""
"js/35-tableau-de-bord.js";"151";"Contrôles des capacités";""
"js/35-tableau-de-bord.js";"152";"Sans fonction ni chaîne";""
"js/35-tableau-de-bord.js";"153";"Sans acteur ni composant";""
"js/35-tableau-de-bord.js";"154";"Sans scénario";""
"js/35-tableau-de-bord.js";"155";"Missions sans capacité";""
"js/35-tableau-de-bord.js";"159";"Machines à états";""
"js/35-tableau-de-bord.js";"159";"états/modes ·";""
"js/35-tableau-de-bord.js";"160";"sm.owner";""
"js/35-tableau-de-bord.js";"160";"États et modes par machine";""
"js/35-tableau-de-bord.js";"161";"sm.chk";""
"js/35-tableau-de-bord.js";"161";"Contrôles des machines à états";""
"js/35-tableau-de-bord.js";"162";"Régions sans état initial";"Regions without initial state"
"js/35-tableau-de-bord.js";"162";"États inatteignables";""
"js/35-tableau-de-bord.js";"162";"États sans issue";""
"js/35-tableau-de-bord.js";"162";"Transitions sans déclencheur";""
"js/35-tableau-de-bord.js";"166";"chk.fn";""
"js/35-tableau-de-bord.js";"166";"Contrôles des fonctions";""
"js/35-tableau-de-bord.js";"167";"chk.pt";""
"js/35-tableau-de-bord.js";"167";"Contrôles des ports";""
"js/35-tableau-de-bord.js";"168";"chk.ce";""
"js/35-tableau-de-bord.js";"168";"Contrôles des Component Exchanges";""
"js/35-tableau-de-bord.js";"169";"Sans Functional Exchange";""
"js/35-tableau-de-bord.js";"169";"Ports orphelins";""
"js/35-tableau-de-bord.js";"170";"Orientations incohérentes";""
"js/35-tableau-de-bord.js";"170";"Non orientés";""
"js/35-tableau-de-bord.js";"171";"PA sans Physical Link";""
"js/35-tableau-de-bord.js";"172";"chk.pl";""
"js/35-tableau-de-bord.js";"172";"Contrôles des Physical Links";""
"js/35-tableau-de-bord.js";"173";"Sans Component Exchange";""
"js/35-tableau-de-bord.js";"173";"Ports physiques sans lien";""
"js/35-tableau-de-bord.js";"174";"Ports physiques sans Component Port";""
"js/35-tableau-de-bord.js";"174";"CE (PA) non alloués";""
"js/35-tableau-de-bord.js";"175";"chk.sum";""
"js/35-tableau-de-bord.js";"175";"Synthèse des contrôles par domaine";""
"js/35-tableau-de-bord.js";"176";"Fonctions";"Functions"
"js/35-tableau-de-bord.js";"176";"chk.fn";""
"js/35-tableau-de-bord.js";"176";"Ports";""
"js/35-tableau-de-bord.js";"176";"chk.pt";""
"js/35-tableau-de-bord.js";"176";"Component Exchanges";""
"js/35-tableau-de-bord.js";"176";"chk.ce";""
"js/35-tableau-de-bord.js";"176";"Physical Links";""
"js/35-tableau-de-bord.js";"176";"chk.pl";""
"js/35-tableau-de-bord.js";"176";"Capacités";"Capabilities"
"js/35-tableau-de-bord.js";"176";"cap.chk";""
"js/35-tableau-de-bord.js";"176";"Modes & états";""
"js/35-tableau-de-bord.js";"176";"sm.chk";""
"js/35-tableau-de-bord.js";"176";"Nombre total de constats par domaine";""
"js/35-tableau-de-bord.js";"178";"Texte libre (titre, commentaire)";""
"js/35-tableau-de-bord.js";"187";"Indicateur";""
"js/35-tableau-de-bord.js";"203";"à surveiller";""
"js/35-tableau-de-bord.js";"213";"Autres (";""
"js/35-tableau-de-bord.js";"224";"Texte vide — ⚙ pour le modifier.";""
"js/35-tableau-de-bord.js";"225";"Indicateur indisponible pour ce modèle.";""
"js/35-tableau-de-bord.js";"226";"Aucune donnée dans ce modèle.";""
"js/35-tableau-de-bord.js";"227";"var(--c-dim)";""
"js/35-tableau-de-bord.js";"227";"var(--c-text)";""
"js/35-tableau-de-bord.js";"227";"var(--c-bg2)";""
"js/35-tableau-de-bord.js";"245";"Catégorie";"Category"
"js/35-tableau-de-bord.js";"245";"Taux";""
"js/35-tableau-de-bord.js";"245";"Nombre";""
"js/35-tableau-de-bord.js";"245";"Détail";"Detail"
"js/35-tableau-de-bord.js";"245";"Part";""
"js/35-tableau-de-bord.js";"248";"autre(s) ligne(s) — agrandir le cadre pour tout voir";""
"js/35-tableau-de-bord.js";"253";"catégorie(s)";""
"js/35-tableau-de-bord.js";"266";"Autres (";""
"js/35-tableau-de-bord.js";"275";"Autres (";""
"js/35-tableau-de-bord.js";"318";"Synthèse du modèle —";""
"js/35-tableau-de-bord.js";"318";"Capella";""
"js/35-tableau-de-bord.js";"319";"mdl.n";""
"js/35-tableau-de-bord.js";"319";"Fonctions (toutes couches)";""
"js/35-tableau-de-bord.js";"320";"mdl.layer";""
"js/35-tableau-de-bord.js";"321";"fn.L.desc";""
"js/35-tableau-de-bord.js";"321";"ch.empty";""
"js/35-tableau-de-bord.js";"322";"ce.dir";""
"js/35-tableau-de-bord.js";"323";"chk.sum";""
"js/35-tableau-de-bord.js";"323";"tr.tab";""
"js/35-tableau-de-bord.js";"324";"Synthèse du modèle";""
"js/35-tableau-de-bord.js";"341";"✔ Terminer";""
"js/35-tableau-de-bord.js";"341";"✏ Modifier";""
"js/35-tableau-de-bord.js";"342";"＋ Ajouter un élément";""
"js/35-tableau-de-bord.js";"344";"＋ Nouveau ⧉ Dupliquer ✨ Exemple";""
"js/35-tableau-de-bord.js";"348";"🗑 Supprimer";""
"js/35-tableau-de-bord.js";"357";"Glisser un élément par son titre pour le déplacer · coin inférieur droit pour le redimensionner · ⚙ configurer · ⧉ dupliquer · ✕ retirer. Les tableaux de bord sont conservés dans la 💾 Page HTML.";""
"js/35-tableau-de-bord.js";"358";",minmax(0,1fr))";""
"js/35-tableau-de-bord.js";"363";"Tableau de bord vide.";""
"js/35-tableau-de-bord.js";"363";"Cliquez sur « ＋ Ajouter un élément ».";""
"js/35-tableau-de-bord.js";"363";"Cliquez sur « ✏ Modifier » pour ajouter des indicateurs.";""
"js/35-tableau-de-bord.js";"378";"Tableau de bord";""
"js/35-tableau-de-bord.js";"380";"Nouveau tableau de bord";""
"js/35-tableau-de-bord.js";"381";"(copie)";""
"js/35-tableau-de-bord.js";"383";"Supprimer le tableau de bord «";""
"js/35-tableau-de-bord.js";"390";"Tableau importé";""
"js/35-tableau-de-bord.js";"391";"Fichier de tableau de bord invalide.";""
"js/35-tableau-de-bord.js";"398";",minmax(0,1fr))";""
"js/35-tableau-de-bord.js";"400";"élément(s)";"element(s)"
"js/35-tableau-de-bord.js";"400";"Tableau de bord";""
"js/35-tableau-de-bord.js";"445";"Modèle Capella";""
"js/35-tableau-de-bord.js";"482";"aperçu Annuler";""
"js/35-tableau-de-bord.js";"482";"⚙ Configurer l'élément";""
"js/35-tableau-de-bord.js";"482";"＋ Ajouter un élément";""
"js/35-tableau-de-bord.js";"485";"✔ Enregistrer";""
"js/35-tableau-de-bord.js";"485";"＋ Ajouter";""
"js/35-tableau-de-bord.js";"494";"Aucun indicateur.";""
"js/35-tableau-de-bord.js";"500";"Choisissez un indicateur dans la liste de gauche.";""
"js/35-tableau-de-bord.js";"503";"Indicateur";""
"js/35-tableau-de-bord.js";"503";"Titre";""
"js/35-tableau-de-bord.js";"505";"Représentation";""
"js/35-tableau-de-bord.js";"505";"Texte";""
"js/35-tableau-de-bord.js";"506";"Taille";""
"js/35-tableau-de-bord.js";"507";"col.";""
"js/35-tableau-de-bord.js";"509";"Catégories";""
"js/35-tableau-de-bord.js";"509";"Tri Par défaut";""
"js/35-tableau-de-bord.js";"509";"5 premières";""
"js/35-tableau-de-bord.js";"509";"8 premières";""
"js/35-tableau-de-bord.js";"509";"10 premières";""
"js/35-tableau-de-bord.js";"509";"15 premières";""
"js/35-tableau-de-bord.js";"509";"20 premières";""
"js/35-tableau-de-bord.js";"509";"Toutes";"All"
"js/35-tableau-de-bord.js";"510";"Valeur décroissante";""
"js/35-tableau-de-bord.js";"510";"Ordre naturel";""
"js/36-component-exchange.js";"46";"Capella Project";""
"js/36-component-exchange.js";"76";"⇄ INOUT";""
"js/36-component-exchange.js";"101";"Aucun component exchange ne correspond au filtre.";"No component exchange matches the filter."
"js/36-component-exchange.js";"114";"Sens non défini";"Undefined direction"
"js/36-component-exchange.js";"151";"ÉMET →";"SENDS →"
"js/36-component-exchange.js";"151";"Émission — ce composant envoie le signal";"Sending — this component sends the signal"
"js/36-component-exchange.js";"152";"← REÇOIT";"← RECEIVES"
"js/36-component-exchange.js";"152";"Réception — ce composant reçoit le signal";"Receiving — this component receives the signal"
"js/36-component-exchange.js";"153";"⇄ ÉCHANGE";"⇄ EXCHANGE"
"js/36-component-exchange.js";"153";"Bidirectionnel — port INOUT";"Bidirectional — INOUT port"
"js/36-component-exchange.js";"154";"Non orienté — aucun port IN/OUT/INOUT";"Not oriented — no IN/OUT/INOUT port"
"js/36-component-exchange.js";"170";"Items :";"Items: "
"js/36-component-exchange.js";"198";"Component Exchange";""
"js/36-component-exchange.js";"198";"Source";""
"js/36-component-exchange.js";"198";"Cible";"Target"
"js/36-component-exchange.js";"198";"Couche";"Layer"
"js/36-component-exchange.js";"202";"Exchanges sans Functional Exchange alloué";"Exchanges without allocated Functional Exchange"
"js/36-component-exchange.js";"202";"Aucune ComponentExchangeFunctionalExchangeAllocation";"No ComponentExchangeFunctionalExchangeAllocation"
"js/36-component-exchange.js";"203";"Ports orphelins (ComponentPort sans exchange)";"Orphan ports (ComponentPort without exchange)"
"js/36-component-exchange.js";"203";"Port défini sur un composant mais relié à aucun Component Exchange";"Port defined on a component but connected to no Component Exchange"
"js/36-component-exchange.js";"203";"Composant";"Component"
"js/36-component-exchange.js";"203";"Port";""
"js/36-component-exchange.js";"203";"Orientation";""
"js/36-component-exchange.js";"203";"Couche";"Layer"
"js/36-component-exchange.js";"205";"Orientations de ports incohérentes";"Inconsistent port orientations"
"js/36-component-exchange.js";"205";"OUT→OUT ou IN→IN hors délégation";"OUT→OUT or IN→IN outside delegation"
"js/36-component-exchange.js";"206";"Exchanges non orientés";"Non-oriented exchanges"
"js/36-component-exchange.js";"206";"Les deux ports sont UNSET : le sens du flux est inconnu";"Both ports are UNSET: the flow direction is unknown"
"js/36-component-exchange.js";"207";"Exchanges de couche PA non alloués à un Physical Link";"PA-layer exchanges not allocated to a Physical Link"
"js/36-component-exchange.js";"207";"Aucune ComponentExchangeAllocation depuis un PhysicalLink";"No ComponentExchangeAllocation from a PhysicalLink"
"js/36-component-exchange.js";"216";"≡ Vue Ligne";"≡ Line view"
"js/36-component-exchange.js";"216";"▣ Vue Composant";"▣ Component view"
"js/36-component-exchange.js";"216";"▦ Matrice";"▦ Matrix"
"js/36-component-exchange.js";"216";"🩺 Contrôles";"🩺 Checks"
"js/36-component-exchange.js";"223";"composant «";"component «"
"js/36-component-exchange.js";"223";"exchange «";"exchange «"
"js/36-component-exchange.js";"224";"🔀 Component Exchanges";""
"js/36-component-exchange.js";"224";"· filtres :";"· filters:"
"js/36-component-exchange.js";"258";"≡ Vue Ligne";"≡ Line view"
"js/36-component-exchange.js";"259";"▣ Vue Composant";"▣ Component view"
"js/36-component-exchange.js";"260";"▦ Matrice";"▦ Matrix"
"js/36-component-exchange.js";"261";"🩺 Contrôles";"🩺 Checks"
"js/36-component-exchange.js";"264";"Tous";"All"
"js/36-component-exchange.js";"264";"Tous les sens";"All directions"
"js/36-component-exchange.js";"266";"⚠ Incohérents";"⚠ Inconsistent"
"js/36-component-exchange.js";"266";"Orientations de ports incohérentes (OUT→OUT, IN→IN hors délégation)";"Inconsistent port orientations (OUT→OUT, IN→IN outside delegation)"
"js/36-component-exchange.js";"270";"Tous kinds";"All kinds"
"js/36-component-exchange.js";"272";"🖥 Composant :";"🖥 Component:"
"js/36-component-exchange.js";"276";"🔍 Exchange :";"🔍 Exchange:"
"js/36-component-exchange.js";"278";"⬇ CSV ⬇ HTML ⬇ HTML (toutes les vues)";"⬇ CSV ⬇ HTML ⬇ HTML (all views)"
"js/36-component-exchange.js";"320";"⇄ Bidirectionnel";"⇄ Bidirectional"
"js/36-component-exchange.js";"320";"? Non orienté";"? Not oriented"
"js/36-component-exchange.js";"320";"Émission →";"Sending →"
"js/36-component-exchange.js";"320";"← Réception";"← Receiving"
"js/37-capella-cablage.js";"23";"var(--c-accent)";""
"js/37-capella-cablage.js";"36";"var(--c-accent)";""